review_id,query_id,query_text,task,minimal_capability_rubric,difficulty_rubric,language,translation_direction,semantic_scenario,naturalness,task_completeness,constraint_consistency,capability_cue_naturalness,template_artifact,shortcut_risk,difficulty_plausibility,ambiguity_unanswerable_risk,reviewer_note,reason_code
review-pilot-q-code-000,pilot-q-code-000,"任务
实现 `schedule(tasks, limit)`，返回合法的分批执行顺序，并说明环依赖和未知依赖如何报告。

给定材料
任务耗时：A=17ms、B=6ms、C=7ms、D=23ms、E=11ms。A 无依赖；B、C 依赖 A；D 依赖 B 和 C；E 依赖 C。
并发上限：6。目标是在满足依赖的前提下缩短总完成时间；任务失败后，不再启动依赖它的任务。
输入格式：`[{""id"": ""A"", ""depends_on"": []}, ...]`。

交付形式
JSON contract",code,比较可行路径并检查关键步骤与边界条件；严格满足字段、格式、长度和结构约束,low; active_requirements=2; visible_constraints=3,zh,,设计可执行的调度函数，解释依赖处理和异常输入。,,,,,,,,,,
review-pilot-q-code-001,pilot-q-code-001,"给定材料
代码：
```python
def append_once(store, event):
    key = event.get(""request_id"", """")
    if key in store:
        return store[key]
    value = {""request_id"": key, ""amount"": event[""amount""]}
    store[key] = value
    if event.get(""retry""):
        store[key + ""-retry""] = value
    return value
```
失败输入：`{""request_id"":""r12"",""amount"":19,""retry"":true}`
日志：`09:31 cache miss r12`；`09:31 write r12`；`09:31 write r12-retry`。
预期：同一 `request_id` 只保留一条记录。

任务
定位导致重复记录的最早状态变化，给出最小修复，并写出覆盖普通请求和 retry 请求的测试。

交付形式
diagnostic checklist",code,利用失败现象定位最早偏差并设计回归检查；严格满足字段、格式、长度和结构约束；遵守接口或库约束并处理失败路径,low; active_requirements=3; visible_constraints=4,mixed,,定位最早的偏差来源并给出最小修复和回归检查。,,,,,,,,,,
review-pilot-q-code-002,pilot-q-code-002,"交付形式
SQL; columns: customer_id / gross / refund / net

给定材料
Schema：
`orders(order_id, customer_id, paid_amount, paid_at)`
`refunds(refund_id, order_id, refund_amount, approved_at)`
样例：orders=`(o1,c1,37,2026-08-02)`, `(o2,c1,31,2026-08-03)`；
refunds=`(r1,o1,6,2026-08-05)`, `(r2,o1,1,2026-08-06)`。
口径：统计 8 月每位客户的净支付额；没有退款的订单必须保留。

任务
编写不会因一对多退款放大订单金额的 SQL，并说明聚合与连接顺序。",code,正确处理表格、连接、聚合或数据口径；明确变量关系、计算过程与数值核验；严格满足字段、格式、长度和结构约束,low; active_requirements=3; visible_constraints=4,zh,,编写查询并说明连接、去重和空值如何处理。,,,,,,,,,,
review-pilot-q-code-003,pilot-q-code-003,"给定材料
接口：`GET /v2/items?cursor=<token>`
成功响应：`{""items"":[{""id"":""i13"",""state"":""ready""}],""next_cursor"":""p2""}`
末页响应：`{""items"":[]}`
限流响应：HTTP 429，`{""retry_after"":4}`
异常样例：HTTP 200 但某个 item 缺少 `id`。

交付形式
Python module; fields: response / error / retry decision

任务
实现分页客户端，区分末页、限流和 schema 错误；给出超时与最大重试策略。",code,遵守接口或库约束并处理失败路径；利用失败现象定位最早偏差并设计回归检查；严格满足字段、格式、长度和结构约束；比较可行路径并检查关键步骤与边界条件,low; active_requirements=4; visible_constraints=5,zh,,实现稳健的客户端调用流程，覆盖重试、校验和失败报告。,,,,,,,,,,
review-pilot-q-code-004,pilot-q-code-004,"任务
把解析、校验和聚合职责拆开，同时保持列出的外部行为，并给出特征测试。

给定材料
现有代码：
```python
def transform(rows):
    out = {}
    for row in rows:
        if not row.get(""id""):
            continue
        out[row[""id""]] = int(row.get(""value"", 0))
    return list(out.items())
```
行为样例：空 `id` 被忽略；重复 `id` 保留最后值；输入 `[{""id"":""a"",""value"":""17""},{""id"":""b"",""value"":""6""}]` 返回 `[('a',17),('b',6)]`。

交付形式
code diff outline",code,保留原意和事实，不添加材料外信息；综合相隔较远的材料并保持前后一致,low; active_requirements=2; visible_constraints=3,mixed,,提出重构方案并给出关键代码，说明如何证明外部行为未改变。,,,,,,,,,,
review-pilot-q-code-005,pilot-q-code-005,"给定材料
模块关系：`cli.py → config.py → cache.py → service.py`。
`config.py` 在 import 时读取环境变量；`cache.py` 在 import 时创建单例；测试先 import cache 再设置环境变量。
失败顺序：`import cache` → `set ROUTER_TTL=35` → `import service`，实际 TTL 仍为 70。
成功顺序：先设置环境变量，再 import 任一模块。

任务
说明配置值沿模块传播的路径，指出首次固化错误值的位置，并提出最小修改。

交付形式
review memo",code,综合相隔较远的材料并保持前后一致；连接多段证据或有依赖的条件；利用失败现象定位最早偏差并设计回归检查,low; active_requirements=3; visible_constraints=4,zh,,综合各模块信息解释执行路径，并指出最小修改位置。,,,,,,,,,,
review-pilot-q-code-006,pilot-q-code-006,"Deliverable
pipeline pseudocode

Provided material
Source A: `id,date,value`, row `a6,2026-08-03,30`.
Source B: `record_id,event_date,value`, row `a6,03/08/2026,NA`.
Rules: dates become ISO; `NA` is missing, not zero; for duplicate id/date, retain source A and log the conflict.

Task
Design parsing and normalization, give the output schema and error record, and show the result for both rows.",code,正确处理表格、连接、聚合或数据口径；遵守接口或库约束并处理失败路径,low; active_requirements=2; visible_constraints=3,en,,Design a normalization pipeline with traceable errors and a stable output contract.,,,,,,,,,,
review-pilot-q-code-007,pilot-q-code-007,"给定材料
当前实现：
```python
def contains_pair(values, target):
    for i in range(len(values)):
        for j in range(i + 1, len(values)):
            if values[i] + values[j] == target:
                return True
    return False
```
数据最多 27000 项；值可重复且可为负数；空列表返回 False。

交付形式
analysis with code; sections: algorithm / complexity / boundary cases

任务
比较排序双指针与哈希集合两种优化，选择一种实现，并分析重复值和负数边界。",code,比较可行路径并检查关键步骤与边界条件；严格满足字段、格式、长度和结构约束,low; active_requirements=2; visible_constraints=3,zh,,比较两种优化方式，给出复杂度依据和可复现的验证方法。,,,,,,,,,,
review-pilot-q-code-008,pilot-q-code-008,"任务
实现 `schedule(tasks, limit)`，返回合法的分批执行顺序，并说明环依赖和未知依赖如何报告。

给定材料
任务耗时：A=34ms、B=7ms、C=8ms、D=41ms、E=27ms。A 无依赖；B、C 依赖 A；D 依赖 B 和 C；E 依赖 C。
并发上限：6。目标是在满足依赖的前提下缩短总完成时间；任务失败后，不再启动依赖它的任务。
输入格式：`[{""id"": ""A"", ""depends_on"": []}, ...]`。
补充条件：B 与 C 共享独占数据库锁，不能放在同一执行批次。

交付形式
JSON contract",code,连接多段证据或有依赖的条件；严格满足字段、格式、长度和结构约束；比较可行路径并检查关键步骤与边界条件,medium; active_requirements=3; visible_constraints=4,mixed,,设计可执行的调度函数，解释依赖处理和异常输入。,,,,,,,,,,
review-pilot-q-code-009,pilot-q-code-009,"给定材料
代码：
```python
def append_once(store, event):
    key = event.get(""request_id"", """")
    if key in store:
        return store[key]
    value = {""request_id"": key, ""amount"": event[""amount""]}
    store[key] = value
    if event.get(""retry""):
        store[key + ""-retry""] = value
    return value
```
失败输入：`{""request_id"":""r32"",""amount"":35,""retry"":true}`
日志：`09:31 cache miss r32`；`09:31 write r32`；`09:31 write r32-retry`。
预期：同一 `request_id` 只保留一条记录。
补充条件：同一 request_id 随后以 retry=false 再调用一次，预期不产生新写入。

任务
定位导致重复记录的最早状态变化，给出最小修复，并写出覆盖普通请求和 retry 请求的测试。

交付形式
patch",code,遵守接口或库约束并处理失败路径；综合相隔较远的材料并保持前后一致,medium; active_requirements=2; visible_constraints=3,zh,,定位最早的偏差来源并给出最小修复和回归检查。,,,,,,,,,,
review-pilot-q-code-010,pilot-q-code-010,"交付形式
SQL; columns: customer_id / gross / refund / net

给定材料
Schema：
`orders(order_id, customer_id, paid_amount, paid_at)`
`refunds(refund_id, order_id, refund_amount, approved_at)`
样例：orders=`(o1,c1,47,2026-08-02)`, `(o2,c1,40,2026-08-03)`；
refunds=`(r1,o1,7,2026-08-05)`, `(r2,o1,1,2026-08-06)`。
口径：统计 8 月每位客户的净支付额；没有退款的订单必须保留。
补充条件：另有一笔 o2 退款在 9 月 1 日获批，不应计入 8 月净额。

任务
编写不会因一对多退款放大订单金额的 SQL，并说明聚合与连接顺序。",code,明确变量关系、计算过程与数值核验；正确处理表格、连接、聚合或数据口径；严格满足字段、格式、长度和结构约束,medium; active_requirements=3; visible_constraints=4,mixed,,编写查询并说明连接、去重和空值如何处理。,,,,,,,,,,
review-pilot-q-code-011,pilot-q-code-011,"给定材料
接口：`GET /v2/items?cursor=<token>`
成功响应：`{""items"":[{""id"":""i20"",""state"":""ready""}],""next_cursor"":""p2""}`
末页响应：`{""items"":[]}`
限流响应：HTTP 429，`{""retry_after"":4}`
异常样例：HTTP 200 但某个 item 缺少 `id`。
补充条件：服务端可能返回非空页面却重复同一个 next_cursor，客户端必须终止游标循环。

交付形式
typed interface; fields: response / error / retry decision

任务
实现分页客户端，区分末页、限流和 schema 错误；给出超时与最大重试策略。",code,利用失败现象定位最早偏差并设计回归检查；遵守接口或库约束并处理失败路径；比较可行路径并检查关键步骤与边界条件；严格满足字段、格式、长度和结构约束,medium; active_requirements=4; visible_constraints=5,zh,,实现稳健的客户端调用流程，覆盖重试、校验和失败报告。,,,,,,,,,,
review-pilot-q-code-012,pilot-q-code-012,"任务
把解析、校验和聚合职责拆开，同时保持列出的外部行为，并给出特征测试。

给定材料
现有代码：
```python
def transform(rows):
    out = {}
    for row in rows:
        if not row.get(""id""):
            continue
        out[row[""id""]] = int(row.get(""value"", 0))
    return list(out.items())
```
行为样例：空 `id` 被忽略；重复 `id` 保留最后值；输入 `[{""id"":""a"",""value"":""24""},{""id"":""b"",""value"":""7""}]` 返回 `[('a',24),('b',7)]`。
补充条件：rows 也可能是只能遍历一次的 iterator，重构后不得提前耗尽它。

交付形式
code diff outline",code,综合相隔较远的材料并保持前后一致；保留原意和事实，不添加材料外信息,medium; active_requirements=2; visible_constraints=3,zh,,提出重构方案并给出关键代码，说明如何证明外部行为未改变。,,,,,,,,,,
review-pilot-q-code-013,pilot-q-code-013,"给定材料
模块关系：`cli.py → config.py → cache.py → service.py`。
`config.py` 在 import 时读取环境变量；`cache.py` 在 import 时创建单例；测试先 import cache 再设置环境变量。
失败顺序：`import cache` → `set ROUTER_TTL=12` → `import service`，实际 TTL 仍为 30。
成功顺序：先设置环境变量，再 import 任一模块。
补充条件：测试只 reload service.py 而不 reload cache.py，错误 TTL 仍然存在。

任务
说明配置值沿模块传播的路径，指出首次固化错误值的位置，并提出最小修改。

交付形式
review memo",code,连接多段证据或有依赖的条件；利用失败现象定位最早偏差并设计回归检查；综合相隔较远的材料并保持前后一致,medium; active_requirements=3; visible_constraints=4,mixed,,综合各模块信息解释执行路径，并指出最小修改位置。,,,,,,,,,,
review-pilot-q-code-014,pilot-q-code-014,"交付形式
JSON schema

给定材料
来源 A：`id,date,value`，样例 `a5,2026-08-03,13`。
来源 B：`record_id,event_date,value`，样例 `a5,03/08/2026,NA`。
规则：日期统一为 ISO；`NA` 表示缺失而不是 0；同一 id/date 重复时保留来源 A，并记录冲突。
补充条件：来源 B 的时间带 `+08:00`，换算 UTC 后可能落到前一天，去重键使用 UTC 日期。

任务
设计解析和标准化流程，给出统一输出 schema、错误记录以及上述两行的结果。",code,遵守接口或库约束并处理失败路径；保留原意和事实，不添加材料外信息,medium; active_requirements=2; visible_constraints=3,zh,,设计标准化流水线，保留可追踪的错误记录和输出契约。,,,,,,,,,,
review-pilot-q-code-015,pilot-q-code-015,"给定材料
当前实现：
```python
def contains_pair(values, target):
    for i in range(len(values)):
        for j in range(i + 1, len(values)):
            if values[i] + values[j] == target:
                return True
    return False
```
数据最多 31000 项；值可重复且可为负数；空列表返回 False。
补充条件：同一个元素不能使用两次；target=20 且 values=[10,3,10] 时必须返回 True。

交付形式
benchmark plan; sections: algorithm / complexity / boundary cases

任务
比较排序双指针与哈希集合两种优化，选择一种实现，并分析重复值和负数边界。",code,严格满足字段、格式、长度和结构约束；比较可行路径并检查关键步骤与边界条件,medium; active_requirements=2; visible_constraints=3,mixed,,比较两种优化方式，给出复杂度依据和可复现的验证方法。,,,,,,,,,,
review-pilot-q-code-016,pilot-q-code-016,"任务
实现 `schedule(tasks, limit)`，返回合法的分批执行顺序，并说明环依赖和未知依赖如何报告。

给定材料
任务耗时：A=30ms、B=4ms、C=5ms、D=34ms、E=26ms。A 无依赖；B、C 依赖 A；D 依赖 B 和 C；E 依赖 C。
并发上限：3。目标是在满足依赖的前提下缩短总完成时间；任务失败后，不再启动依赖它的任务。
输入格式：`[{""id"": ""A"", ""depends_on"": []}, ...]`。
补充条件：B 与 C 共享独占锁；若 C 首次失败，可重试一次，重试结束前 E 不得启动。

交付形式
Python function",code,严格满足字段、格式、长度和结构约束；连接多段证据或有依赖的条件；比较可行路径并检查关键步骤与边界条件,high; active_requirements=3; visible_constraints=4,zh,,设计可执行的调度函数，解释依赖处理和异常输入。,,,,,,,,,,
review-pilot-q-code-017,pilot-q-code-017,"Provided material
Code:
```python
def append_once(store, event):
    key = event.get(""request_id"", """")
    if key in store:
        return store[key]
    value = {""request_id"": key, ""amount"": event[""amount""]}
    store[key] = value
    if event.get(""retry""):
        store[key + ""-retry""] = value
    return value
```
Failing input: `{""request_id"":""r39"",""amount"":46,""retry"":true}`
Log: `09:31 cache miss r39`; `09:31 write r39`; `09:31 write r39-retry`.
Expected: retain one row for each `request_id`.
Additional condition: Writing the retry key may fail after the primary write; recovery must handle that partial state safely.

Task
Locate the earliest state change that creates the duplicate, give a minimal patch, and cover normal and retry requests.

Deliverable
patch; sections: root cause / patch / regression tests",code,综合相隔较远的材料并保持前后一致；利用失败现象定位最早偏差并设计回归检查；遵守接口或库约束并处理失败路径；严格满足字段、格式、长度和结构约束,high; active_requirements=4; visible_constraints=5,en,,Locate the earliest divergence and provide a minimal fix with a regression check.,,,,,,,,,,
review-pilot-q-code-018,pilot-q-code-018,"交付形式
result schema

给定材料
Schema：
`orders(order_id, customer_id, paid_amount, paid_at)`
`refunds(refund_id, order_id, refund_amount, approved_at)`
样例：orders=`(o1,c1,39,2026-08-02)`, `(o2,c1,32,2026-08-03)`；
refunds=`(r1,o1,7,2026-08-05)`, `(r2,o1,1,2026-08-06)`。
口径：统计 8 月每位客户的净支付额；没有退款的订单必须保留。
补充条件：`refund_status(refund_id,status)` 将 r2 标为 reversed；只有 approved 退款可以扣减。

任务
编写不会因一对多退款放大订单金额的 SQL，并说明聚合与连接顺序。",code,严格满足字段、格式、长度和结构约束；正确处理表格、连接、聚合或数据口径,high; active_requirements=2; visible_constraints=3,zh,,编写查询并说明连接、去重和空值如何处理。,,,,,,,,,,
review-pilot-q-code-019,pilot-q-code-019,"给定材料
接口：`GET /v2/items?cursor=<token>`
成功响应：`{""items"":[{""id"":""i40"",""state"":""ready""}],""next_cursor"":""p2""}`
末页响应：`{""items"":[]}`
限流响应：HTTP 429，`{""retry_after"":5}`
异常样例：HTTP 200 但某个 item 缺少 `id`。
补充条件：HTTP 429 的 Retry-After header 与响应体不一致时以 header 为准，且整个请求最多重试两次。

交付形式
Python module; fields: response / error / retry decision

任务
实现分页客户端，区分末页、限流和 schema 错误；给出超时与最大重试策略。",code,严格满足字段、格式、长度和结构约束；利用失败现象定位最早偏差并设计回归检查；遵守接口或库约束并处理失败路径；比较可行路径并检查关键步骤与边界条件,high; active_requirements=4; visible_constraints=5,mixed,,实现稳健的客户端调用流程，覆盖重试、校验和失败报告。,,,,,,,,,,
review-pilot-q-code-020,pilot-q-code-020,"任务
把解析、校验和聚合职责拆开，同时保持列出的外部行为，并给出特征测试。

给定材料
现有代码：
```python
def transform(rows):
    out = {}
    for row in rows:
        if not row.get(""id""):
            continue
        out[row[""id""]] = int(row.get(""value"", 0))
    return list(out.items())
```
行为样例：空 `id` 被忽略；重复 `id` 保留最后值；输入 `[{""id"":""a"",""value"":""21""},{""id"":""b"",""value"":""4""}]` 返回 `[('a',21),('b',4)]`。
补充条件：某行 value 无法转为整数时要记录该行错误并继续处理其余有效行，同时保持有效行顺序。

交付形式
refactoring plan; sections: preserved behavior / change / tests",code,严格满足字段、格式、长度和结构约束；保留原意和事实，不添加材料外信息,high; active_requirements=2; visible_constraints=3,zh,,提出重构方案并给出关键代码，说明如何证明外部行为未改变。,,,,,,,,,,
review-pilot-q-code-021,pilot-q-code-021,"给定材料
模块关系：`cli.py → config.py → cache.py → service.py`。
`config.py` 在 import 时读取环境变量；`cache.py` 在 import 时创建单例；测试先 import cache 再设置环境变量。
失败顺序：`import cache` → `set ROUTER_TTL=9` → `import service`，实际 TTL 仍为 60。
成功顺序：先设置环境变量，再 import 任一模块。
补充条件：两个 worker 分别在设置环境变量前后 import 模块，当前会得到不同 TTL；修复后必须显式共享同一配置。

任务
说明配置值沿模块传播的路径，指出首次固化错误值的位置，并提出最小修改。

交付形式
call-flow diagram",code,利用失败现象定位最早偏差并设计回归检查；连接多段证据或有依赖的条件,high; active_requirements=2; visible_constraints=3,mixed,,综合各模块信息解释执行路径，并指出最小修改位置。,,,,,,,,,,
review-pilot-q-code-022,pilot-q-code-022,"交付形式
pipeline pseudocode; columns: output / error / provenance

给定材料
来源 A：`id,date,value`，样例 `a6,2026-08-03,35`。
来源 B：`record_id,event_date,value`，样例 `a6,03/08/2026,NA`。
规则：日期统一为 ISO；`NA` 表示缺失而不是 0；同一 id/date 重复时保留来源 A，并记录冲突。
补充条件：来源 A 的 value 缺失时允许来源 B 补值，但日期与标识仍以来源 A 为准，并记录字段级 provenance。

任务
设计解析和标准化流程，给出统一输出 schema、错误记录以及上述两行的结果。",code,保留原意和事实，不添加材料外信息；严格满足字段、格式、长度和结构约束,high; active_requirements=2; visible_constraints=3,zh,,设计标准化流水线，保留可追踪的错误记录和输出契约。,,,,,,,,,,
review-pilot-q-code-023,pilot-q-code-023,"给定材料
当前实现：
```python
def contains_pair(values, target):
    for i in range(len(values)):
        for j in range(i + 1, len(values)):
            if values[i] + values[j] == target:
                return True
    return False
```
数据最多 13000 项；值可重复且可为负数；空列表返回 False。
补充条件：输入改为单遍 iterator，内存上限不足以保存全部元素；方案需要说明精确性与外部存储的取舍。

交付形式
benchmark plan; sections: algorithm / complexity / boundary cases

任务
比较排序双指针与哈希集合两种优化，选择一种实现，并分析重复值和负数边界。",code,比较可行路径并检查关键步骤与边界条件；严格满足字段、格式、长度和结构约束,high; active_requirements=2; visible_constraints=3,zh,,比较两种优化方式，给出复杂度依据和可复现的验证方法。,,,,,,,,,,
review-pilot-q-code-024,pilot-q-code-024,"任务
实现 `schedule(tasks, limit)`，返回合法的分批执行顺序，并说明环依赖和未知依赖如何报告。

给定材料
任务耗时：A=23ms、B=3ms、C=4ms、D=26ms、E=20ms。A 无依赖；B、C 依赖 A；D 依赖 B 和 C；E 依赖 C。
并发上限：6。目标是在满足依赖的前提下缩短总完成时间；任务失败后，不再启动依赖它的任务。
输入格式：`[{""id"": ""A"", ""depends_on"": []}, ...]`。

交付形式
JSON contract",code,比较可行路径并检查关键步骤与边界条件；连接多段证据或有依赖的条件；严格满足字段、格式、长度和结构约束,low; active_requirements=3; visible_constraints=4,mixed,,设计可执行的调度函数，解释依赖处理和异常输入。,,,,,,,,,,
review-pilot-q-code-025,pilot-q-code-025,"给定材料
代码：
```python
def append_once(store, event):
    key = event.get(""request_id"", """")
    if key in store:
        return store[key]
    value = {""request_id"": key, ""amount"": event[""amount""]}
    store[key] = value
    if event.get(""retry""):
        store[key + ""-retry""] = value
    return value
```
失败输入：`{""request_id"":""r35"",""amount"":42,""retry"":true}`
日志：`09:31 cache miss r35`；`09:31 write r35`；`09:31 write r35-retry`。
预期：同一 `request_id` 只保留一条记录。

任务
定位导致重复记录的最早状态变化，给出最小修复，并写出覆盖普通请求和 retry 请求的测试。

交付形式
patch; sections: root cause / patch / regression tests",code,严格满足字段、格式、长度和结构约束；利用失败现象定位最早偏差并设计回归检查；综合相隔较远的材料并保持前后一致；遵守接口或库约束并处理失败路径,low; active_requirements=4; visible_constraints=5,zh,,定位最早的偏差来源并给出最小修复和回归检查。,,,,,,,,,,
review-pilot-q-code-026,pilot-q-code-026,"Deliverable
result schema

Provided material
Schema: `orders(order_id, customer_id, paid_amount, paid_at)` and `refunds(refund_id, order_id, refund_amount, approved_at)`.
Rows: orders `(o1,c1,23,2026-08-02)`, `(o2,c1,16,2026-08-03)`; refunds `(r1,o1,7,2026-08-05)`, `(r2,o1,1,2026-08-06)`.
Definition: August net paid amount per customer; orders without refunds remain.

Task
Write SQL that avoids multiplying order amounts through the one-to-many refund join, and explain aggregation order.",code,正确处理表格、连接、聚合或数据口径；明确变量关系、计算过程与数值核验,low; active_requirements=2; visible_constraints=3,en,,"Write the query and explain joins, deduplication, and null handling.",,,,,,,,,,
review-pilot-q-code-027,pilot-q-code-027,"给定材料
接口：`GET /v2/items?cursor=<token>`
成功响应：`{""items"":[{""id"":""i16"",""state"":""ready""}],""next_cursor"":""p2""}`
末页响应：`{""items"":[]}`
限流响应：HTTP 429，`{""retry_after"":3}`
异常样例：HTTP 200 但某个 item 缺少 `id`。

交付形式
typed interface; fields: response / error / retry decision

任务
实现分页客户端，区分末页、限流和 schema 错误；给出超时与最大重试策略。",code,比较可行路径并检查关键步骤与边界条件；遵守接口或库约束并处理失败路径；严格满足字段、格式、长度和结构约束,low; active_requirements=3; visible_constraints=4,zh,,实现稳健的客户端调用流程，覆盖重试、校验和失败报告。,,,,,,,,,,
review-pilot-q-code-028,pilot-q-code-028,"任务
把解析、校验和聚合职责拆开，同时保持列出的外部行为，并给出特征测试。

给定材料
现有代码：
```python
def transform(rows):
    out = {}
    for row in rows:
        if not row.get(""id""):
            continue
        out[row[""id""]] = int(row.get(""value"", 0))
    return list(out.items())
```
行为样例：空 `id` 被忽略；重复 `id` 保留最后值；输入 `[{""id"":""a"",""value"":""34""},{""id"":""b"",""value"":""2""}]` 返回 `[('a',34),('b',2)]`。

交付形式
refactoring plan; sections: preserved behavior / change / tests",code,保留原意和事实，不添加材料外信息；严格满足字段、格式、长度和结构约束,low; active_requirements=2; visible_constraints=3,mixed,,提出重构方案并给出关键代码，说明如何证明外部行为未改变。,,,,,,,,,,
review-pilot-q-code-029,pilot-q-code-029,"给定材料
模块关系：`cli.py → config.py → cache.py → service.py`。
`config.py` 在 import 时读取环境变量；`cache.py` 在 import 时创建单例；测试先 import cache 再设置环境变量。
失败顺序：`import cache` → `set ROUTER_TTL=23` → `import service`，实际 TTL 仍为 40。
成功顺序：先设置环境变量，再 import 任一模块。

任务
说明配置值沿模块传播的路径，指出首次固化错误值的位置，并提出最小修改。

交付形式
review memo",code,综合相隔较远的材料并保持前后一致；连接多段证据或有依赖的条件,low; active_requirements=2; visible_constraints=3,zh,,综合各模块信息解释执行路径，并指出最小修改位置。,,,,,,,,,,
review-pilot-q-code-030,pilot-q-code-030,"交付形式
JSON schema

给定材料
来源 A：`id,date,value`，样例 `a6,2026-08-03,30`。
来源 B：`record_id,event_date,value`，样例 `a6,03/08/2026,NA`。
规则：日期统一为 ISO；`NA` 表示缺失而不是 0；同一 id/date 重复时保留来源 A，并记录冲突。

任务
设计解析和标准化流程，给出统一输出 schema、错误记录以及上述两行的结果。",code,严格满足字段、格式、长度和结构约束；遵守接口或库约束并处理失败路径,low; active_requirements=2; visible_constraints=3,mixed,,设计标准化流水线，保留可追踪的错误记录和输出契约。,,,,,,,,,,
review-pilot-q-code-031,pilot-q-code-031,"给定材料
当前实现：
```python
def contains_pair(values, target):
    for i in range(len(values)):
        for j in range(i + 1, len(values)):
            if values[i] + values[j] == target:
                return True
    return False
```
数据最多 18000 项；值可重复且可为负数；空列表返回 False。

交付形式
analysis with code; sections: algorithm / complexity / boundary cases

任务
比较排序双指针与哈希集合两种优化，选择一种实现，并分析重复值和负数边界。",code,严格满足字段、格式、长度和结构约束；比较可行路径并检查关键步骤与边界条件,low; active_requirements=2; visible_constraints=3,zh,,比较两种优化方式，给出复杂度依据和可复现的验证方法。,,,,,,,,,,
review-pilot-q-code-032,pilot-q-code-032,"任务
实现 `schedule(tasks, limit)`，返回合法的分批执行顺序，并说明环依赖和未知依赖如何报告。

给定材料
任务耗时：A=9ms、B=7ms、C=8ms、D=16ms、E=2ms。A 无依赖；B、C 依赖 A；D 依赖 B 和 C；E 依赖 C。
并发上限：6。目标是在满足依赖的前提下缩短总完成时间；任务失败后，不再启动依赖它的任务。
输入格式：`[{""id"": ""A"", ""depends_on"": []}, ...]`。
补充条件：B 与 C 共享独占数据库锁，不能放在同一执行批次。

交付形式
Python function",code,连接多段证据或有依赖的条件；比较可行路径并检查关键步骤与边界条件,medium; active_requirements=2; visible_constraints=3,zh,,设计可执行的调度函数，解释依赖处理和异常输入。,,,,,,,,,,
review-pilot-q-code-033,pilot-q-code-033,"给定材料
代码：
```python
def append_once(store, event):
    key = event.get(""request_id"", """")
    if key in store:
        return store[key]
    value = {""request_id"": key, ""amount"": event[""amount""]}
    store[key] = value
    if event.get(""retry""):
        store[key + ""-retry""] = value
    return value
```
失败输入：`{""request_id"":""r25"",""amount"":29,""retry"":true}`
日志：`09:31 cache miss r25`；`09:31 write r25`；`09:31 write r25-retry`。
预期：同一 `request_id` 只保留一条记录。
补充条件：同一 request_id 随后以 retry=false 再调用一次，预期不产生新写入。

任务
定位导致重复记录的最早状态变化，给出最小修复，并写出覆盖普通请求和 retry 请求的测试。

交付形式
patch; sections: root cause / patch / regression tests",code,利用失败现象定位最早偏差并设计回归检查；严格满足字段、格式、长度和结构约束；综合相隔较远的材料并保持前后一致；遵守接口或库约束并处理失败路径,medium; active_requirements=4; visible_constraints=5,mixed,,定位最早的偏差来源并给出最小修复和回归检查。,,,,,,,,,,
review-pilot-q-code-034,pilot-q-code-034,"交付形式
SQL; columns: customer_id / gross / refund / net

给定材料
Schema：
`orders(order_id, customer_id, paid_amount, paid_at)`
`refunds(refund_id, order_id, refund_amount, approved_at)`
样例：orders=`(o1,c1,31,2026-08-02)`, `(o2,c1,26,2026-08-03)`；
refunds=`(r1,o1,5,2026-08-05)`, `(r2,o1,1,2026-08-06)`。
口径：统计 8 月每位客户的净支付额；没有退款的订单必须保留。
补充条件：另有一笔 o2 退款在 9 月 1 日获批，不应计入 8 月净额。

任务
编写不会因一对多退款放大订单金额的 SQL，并说明聚合与连接顺序。",code,明确变量关系、计算过程与数值核验；正确处理表格、连接、聚合或数据口径；严格满足字段、格式、长度和结构约束,medium; active_requirements=3; visible_constraints=4,zh,,编写查询并说明连接、去重和空值如何处理。,,,,,,,,,,
review-pilot-q-code-035,pilot-q-code-035,"给定材料
接口：`GET /v2/items?cursor=<token>`
成功响应：`{""items"":[{""id"":""i22"",""state"":""ready""}],""next_cursor"":""p2""}`
末页响应：`{""items"":[]}`
限流响应：HTTP 429，`{""retry_after"":6}`
异常样例：HTTP 200 但某个 item 缺少 `id`。
补充条件：服务端可能返回非空页面却重复同一个 next_cursor，客户端必须终止游标循环。

交付形式
typed interface; fields: response / error / retry decision

任务
实现分页客户端，区分末页、限流和 schema 错误；给出超时与最大重试策略。",code,遵守接口或库约束并处理失败路径；比较可行路径并检查关键步骤与边界条件；利用失败现象定位最早偏差并设计回归检查；严格满足字段、格式、长度和结构约束,medium; active_requirements=4; visible_constraints=5,mixed,,实现稳健的客户端调用流程，覆盖重试、校验和失败报告。,,,,,,,,,,
review-pilot-q-code-036,pilot-q-code-036,"任务
把解析、校验和聚合职责拆开，同时保持列出的外部行为，并给出特征测试。

给定材料
现有代码：
```python
def transform(rows):
    out = {}
    for row in rows:
        if not row.get(""id""):
            continue
        out[row[""id""]] = int(row.get(""value"", 0))
    return list(out.items())
```
行为样例：空 `id` 被忽略；重复 `id` 保留最后值；输入 `[{""id"":""a"",""value"":""27""},{""id"":""b"",""value"":""5""}]` 返回 `[('a',27),('b',5)]`。
补充条件：rows 也可能是只能遍历一次的 iterator，重构后不得提前耗尽它。

交付形式
code diff outline",code,综合相隔较远的材料并保持前后一致；保留原意和事实，不添加材料外信息,medium; active_requirements=2; visible_constraints=3,zh,,提出重构方案并给出关键代码，说明如何证明外部行为未改变。,,,,,,,,,,
review-pilot-q-code-037,pilot-q-code-037,"Provided material
Module path: `cli.py → config.py → cache.py → service.py`. `config.py` reads the environment at import time; `cache.py` creates a singleton at import. The test imports cache, sets `ROUTER_TTL=26`, then imports service; the TTL remains 50. Setting the variable first succeeds.
Additional condition: The test reloads service.py but not cache.py, so the stale TTL remains.

Task
Trace the value through the modules, identify where the wrong value first becomes fixed, and propose the smallest change.

Deliverable
call-flow diagram",code,连接多段证据或有依赖的条件；利用失败现象定位最早偏差并设计回归检查；综合相隔较远的材料并保持前后一致,medium; active_requirements=3; visible_constraints=4,en,,"Integrate evidence across modules, explain the execution path, and identify the smallest change location.",,,,,,,,,,
review-pilot-q-code-038,pilot-q-code-038,"交付形式
JSON schema

给定材料
来源 A：`id,date,value`，样例 `a3,2026-08-03,23`。
来源 B：`record_id,event_date,value`，样例 `a3,03/08/2026,NA`。
规则：日期统一为 ISO；`NA` 表示缺失而不是 0；同一 id/date 重复时保留来源 A，并记录冲突。
补充条件：来源 B 的时间带 `+08:00`，换算 UTC 后可能落到前一天，去重键使用 UTC 日期。

任务
设计解析和标准化流程，给出统一输出 schema、错误记录以及上述两行的结果。",code,正确处理表格、连接、聚合或数据口径；保留原意和事实，不添加材料外信息；严格满足字段、格式、长度和结构约束；遵守接口或库约束并处理失败路径,medium; active_requirements=4; visible_constraints=5,zh,,设计标准化流水线，保留可追踪的错误记录和输出契约。,,,,,,,,,,
review-pilot-q-code-039,pilot-q-code-039,"给定材料
当前实现：
```python
def contains_pair(values, target):
    for i in range(len(values)):
        for j in range(i + 1, len(values)):
            if values[i] + values[j] == target:
                return True
    return False
```
数据最多 39000 项；值可重复且可为负数；空列表返回 False。
补充条件：同一个元素不能使用两次；target=20 且 values=[10,3,10] 时必须返回 True。

交付形式
benchmark plan; sections: algorithm / complexity / boundary cases

任务
比较排序双指针与哈希集合两种优化，选择一种实现，并分析重复值和负数边界。",code,比较可行路径并检查关键步骤与边界条件；严格满足字段、格式、长度和结构约束,medium; active_requirements=2; visible_constraints=3,mixed,,比较两种优化方式，给出复杂度依据和可复现的验证方法。,,,,,,,,,,
review-pilot-q-code-040,pilot-q-code-040,"任务
实现 `schedule(tasks, limit)`，返回合法的分批执行顺序，并说明环依赖和未知依赖如何报告。

给定材料
任务耗时：A=12ms、B=3ms、C=4ms、D=15ms、E=9ms。A 无依赖；B、C 依赖 A；D 依赖 B 和 C；E 依赖 C。
并发上限：6。目标是在满足依赖的前提下缩短总完成时间；任务失败后，不再启动依赖它的任务。
输入格式：`[{""id"": ""A"", ""depends_on"": []}, ...]`。
补充条件：B 与 C 共享独占锁；若 C 首次失败，可重试一次，重试结束前 E 不得启动。

交付形式
Python function",code,严格满足字段、格式、长度和结构约束；连接多段证据或有依赖的条件,high; active_requirements=2; visible_constraints=3,zh,,设计可执行的调度函数，解释依赖处理和异常输入。,,,,,,,,,,
review-pilot-q-code-041,pilot-q-code-041,"给定材料
代码：
```python
def append_once(store, event):
    key = event.get(""request_id"", """")
    if key in store:
        return store[key]
    value = {""request_id"": key, ""amount"": event[""amount""]}
    store[key] = value
    if event.get(""retry""):
        store[key + ""-retry""] = value
    return value
```
失败输入：`{""request_id"":""r15"",""amount"":17,""retry"":true}`
日志：`09:31 cache miss r15`；`09:31 write r15`；`09:31 write r15-retry`。
预期：同一 `request_id` 只保留一条记录。
补充条件：写入 retry 键时可能抛出异常；主键已写入的半完成状态必须能够安全恢复。

任务
定位导致重复记录的最早状态变化，给出最小修复，并写出覆盖普通请求和 retry 请求的测试。

交付形式
patch",code,遵守接口或库约束并处理失败路径；综合相隔较远的材料并保持前后一致,high; active_requirements=2; visible_constraints=3,mixed,,定位最早的偏差来源并给出最小修复和回归检查。,,,,,,,,,,
review-pilot-q-code-042,pilot-q-code-042,"交付形式
SQL; columns: customer_id / gross / refund / net

给定材料
Schema：
`orders(order_id, customer_id, paid_amount, paid_at)`
`refunds(refund_id, order_id, refund_amount, approved_at)`
样例：orders=`(o1,c1,35,2026-08-02)`, `(o2,c1,32,2026-08-03)`；
refunds=`(r1,o1,3,2026-08-05)`, `(r2,o1,1,2026-08-06)`。
口径：统计 8 月每位客户的净支付额；没有退款的订单必须保留。
补充条件：`refund_status(refund_id,status)` 将 r2 标为 reversed；只有 approved 退款可以扣减。

任务
编写不会因一对多退款放大订单金额的 SQL，并说明聚合与连接顺序。",code,严格满足字段、格式、长度和结构约束；明确变量关系、计算过程与数值核验；正确处理表格、连接、聚合或数据口径,high; active_requirements=3; visible_constraints=4,zh,,编写查询并说明连接、去重和空值如何处理。,,,,,,,,,,
review-pilot-q-code-043,pilot-q-code-043,"给定材料
接口：`GET /v2/items?cursor=<token>`
成功响应：`{""items"":[{""id"":""i27"",""state"":""ready""}],""next_cursor"":""p2""}`
末页响应：`{""items"":[]}`
限流响应：HTTP 429，`{""retry_after"":4}`
异常样例：HTTP 200 但某个 item 缺少 `id`。
补充条件：HTTP 429 的 Retry-After header 与响应体不一致时以 header 为准，且整个请求最多重试两次。

交付形式
Python module; fields: response / error / retry decision

任务
实现分页客户端，区分末页、限流和 schema 错误；给出超时与最大重试策略。",code,利用失败现象定位最早偏差并设计回归检查；遵守接口或库约束并处理失败路径；严格满足字段、格式、长度和结构约束,high; active_requirements=3; visible_constraints=4,zh,,实现稳健的客户端调用流程，覆盖重试、校验和失败报告。,,,,,,,,,,
review-pilot-q-code-044,pilot-q-code-044,"任务
把解析、校验和聚合职责拆开，同时保持列出的外部行为，并给出特征测试。

给定材料
现有代码：
```python
def transform(rows):
    out = {}
    for row in rows:
        if not row.get(""id""):
            continue
        out[row[""id""]] = int(row.get(""value"", 0))
    return list(out.items())
```
行为样例：空 `id` 被忽略；重复 `id` 保留最后值；输入 `[{""id"":""a"",""value"":""10""},{""id"":""b"",""value"":""5""}]` 返回 `[('a',10),('b',5)]`。
补充条件：某行 value 无法转为整数时要记录该行错误并继续处理其余有效行，同时保持有效行顺序。

交付形式
code diff outline; sections: preserved behavior / change / tests",code,严格满足字段、格式、长度和结构约束；综合相隔较远的材料并保持前后一致；保留原意和事实，不添加材料外信息,high; active_requirements=3; visible_constraints=4,mixed,,提出重构方案并给出关键代码，说明如何证明外部行为未改变。,,,,,,,,,,
review-pilot-q-code-045,pilot-q-code-045,"给定材料
模块关系：`cli.py → config.py → cache.py → service.py`。
`config.py` 在 import 时读取环境变量；`cache.py` 在 import 时创建单例；测试先 import cache 再设置环境变量。
失败顺序：`import cache` → `set ROUTER_TTL=16` → `import service`，实际 TTL 仍为 50。
成功顺序：先设置环境变量，再 import 任一模块。
补充条件：两个 worker 分别在设置环境变量前后 import 模块，当前会得到不同 TTL；修复后必须显式共享同一配置。

任务
说明配置值沿模块传播的路径，指出首次固化错误值的位置，并提出最小修改。

交付形式
call-flow diagram",code,利用失败现象定位最早偏差并设计回归检查；连接多段证据或有依赖的条件；综合相隔较远的材料并保持前后一致,high; active_requirements=3; visible_constraints=4,zh,,综合各模块信息解释执行路径，并指出最小修改位置。,,,,,,,,,,
review-pilot-q-code-046,pilot-q-code-046,"Deliverable
pipeline pseudocode; columns: output / error / provenance

Provided material
Source A: `id,date,value`, row `a6,2026-08-03,28`.
Source B: `record_id,event_date,value`, row `a6,03/08/2026,NA`.
Rules: dates become ISO; `NA` is missing, not zero; for duplicate id/date, retain source A and log the conflict.
Additional condition: When source A lacks value, source B may fill it, while A still owns date and ID and field-level provenance is recorded.

Task
Design parsing and normalization, give the output schema and error record, and show the result for both rows.",code,遵守接口或库约束并处理失败路径；正确处理表格、连接、聚合或数据口径；严格满足字段、格式、长度和结构约束,high; active_requirements=3; visible_constraints=4,en,,Design a normalization pipeline with traceable errors and a stable output contract.,,,,,,,,,,
review-pilot-q-code-047,pilot-q-code-047,"给定材料
当前实现：
```python
def contains_pair(values, target):
    for i in range(len(values)):
        for j in range(i + 1, len(values)):
            if values[i] + values[j] == target:
                return True
    return False
```
数据最多 37000 项；值可重复且可为负数；空列表返回 False。
补充条件：输入改为单遍 iterator，内存上限不足以保存全部元素；方案需要说明精确性与外部存储的取舍。

交付形式
analysis with code; sections: algorithm / complexity / boundary cases

任务
比较排序双指针与哈希集合两种优化，选择一种实现，并分析重复值和负数边界。",code,严格满足字段、格式、长度和结构约束；比较可行路径并检查关键步骤与边界条件,high; active_requirements=2; visible_constraints=3,zh,,比较两种优化方式，给出复杂度依据和可复现的验证方法。,,,,,,,,,,
review-pilot-q-code-048,pilot-q-code-048,"任务
实现 `schedule(tasks, limit)`，返回合法的分批执行顺序，并说明环依赖和未知依赖如何报告。

给定材料
任务耗时：A=29ms、B=2ms、C=3ms、D=31ms、E=27ms。A 无依赖；B、C 依赖 A；D 依赖 B 和 C；E 依赖 C。
并发上限：6。目标是在满足依赖的前提下缩短总完成时间；任务失败后，不再启动依赖它的任务。
输入格式：`[{""id"": ""A"", ""depends_on"": []}, ...]`。

交付形式
JSON contract",code,比较可行路径并检查关键步骤与边界条件；严格满足字段、格式、长度和结构约束；连接多段证据或有依赖的条件,low; active_requirements=3; visible_constraints=4,mixed,,设计可执行的调度函数，解释依赖处理和异常输入。,,,,,,,,,,
review-pilot-q-code-049,pilot-q-code-049,"给定材料
代码：
```python
def append_once(store, event):
    key = event.get(""request_id"", """")
    if key in store:
        return store[key]
    value = {""request_id"": key, ""amount"": event[""amount""]}
    store[key] = value
    if event.get(""retry""):
        store[key + ""-retry""] = value
    return value
```
失败输入：`{""request_id"":""r12"",""amount"":19,""retry"":true}`
日志：`09:31 cache miss r12`；`09:31 write r12`；`09:31 write r12-retry`。
预期：同一 `request_id` 只保留一条记录。

任务
定位导致重复记录的最早状态变化，给出最小修复，并写出覆盖普通请求和 retry 请求的测试。

交付形式
patch",code,综合相隔较远的材料并保持前后一致；利用失败现象定位最早偏差并设计回归检查；遵守接口或库约束并处理失败路径,low; active_requirements=3; visible_constraints=4,zh,,定位最早的偏差来源并给出最小修复和回归检查。,,,,,,,,,,
review-pilot-q-math-000,pilot-q-math-000,"给定材料
某项目采购 x 台标准设备和 y 台增强设备。设备总数为 26，按标准设备 2 个积分、增强设备 1 个积分计算，总积分为 49。

交付形式
solution table

任务
建立方程并求 x、y，代回两条条件核验。",math,明确变量关系、计算过程与数值核验；严格满足字段、格式、长度和结构约束,low; active_requirements=2; visible_constraints=3,zh,,建立方程、求解，并检查解是否满足原始限制。,,,,,,,,,,
review-pilot-q-math-001,pilot-q-math-001,"任务
计算第二次仍为红球的条件概率，并写出分子与分母。

给定材料
袋中有 14 个红球和 6 个蓝球，不放回连续抽取 2 个。已知第一次抽到红球。

交付形式
formula derivation; sections: events / probability fraction / verification",math,明确变量关系、计算过程与数值核验；严格满足字段、格式、长度和结构约束；连接多段证据或有依赖的条件,low; active_requirements=3; visible_constraints=4,zh,,计算目标事件概率，并说明各阶段为何不能简单独立相乘。,,,,,,,,,,
review-pilot-q-math-002,pilot-q-math-002,"给定材料
数列满足 `a₁=36`，`a_(n+1)=a_n+4`。命题：对所有正整数 n，`a_n=36+(n-1)×4`。

任务
用数学归纳法证明命题，分别写出基础步和归纳步。

交付形式
formal proof",math,比较可行路径并检查关键步骤与边界条件；明确变量关系、计算过程与数值核验,low; active_requirements=2; visible_constraints=3,zh,,给出证明，并单独检查起始项和递推边界。,,,,,,,,,,
review-pilot-q-math-003,pilot-q-math-003,"交付形式
statistical note

给定材料
A 组观测为 `[14, 15, 13, 14, 16]`；B 组为 `[6, 7, 6, 8, 100]`；最后一个 B 值来自传感器告警，是否有效尚未确认。

任务
分别计算两组中位数与均值，并说明待确认离群值如何影响比较。",math,明确变量关系、计算过程与数值核验；识别多种合理解释并说明澄清需求,low; active_requirements=2; visible_constraints=3,mixed,,选择合适的汇总量并解释结论对处理方式是否敏感。,,,,,,,,,,
review-pilot-q-math-004,pilot-q-math-004,"给定材料
一个 L 形区域可看作 26m × 5m 的大矩形，右上角挖去 2m × 3m 的小矩形。各边均与坐标轴平行。

交付形式
annotated derivation; sections: whole area / cutouts / result

任务
求剩余面积，列出大矩形和挖空部分的计算，并保留单位。",math,明确变量关系、计算过程与数值核验；比较可行路径并检查关键步骤与边界条件；严格满足字段、格式、长度和结构约束,low; active_requirements=3; visible_constraints=4,zh,,推导总面积，标明重复计算的区域并验证单位。,,,,,,,,,,
review-pilot-q-math-005,pilot-q-math-005,"任务
写出整数优化模型并找出利润最大的生产组合。

给定材料
产品 A 每件利润 25，耗时 2 小时；产品 B 每件利润 5，耗时 1 小时。可用 23 小时，A 至少生产 1 件，A、B 均为非负整数。

交付形式
decision table",math,比较可行路径并检查关键步骤与边界条件；明确变量关系、计算过程与数值核验,low; active_requirements=2; visible_constraints=3,zh,,建立目标函数，比较候选方案并说明最优性条件。,,,,,,,,,,
review-pilot-q-math-006,pilot-q-math-006,"Provided material
A cinema sold 18 adult and student tickets. Adult tickets cost 21; student tickets cost 9. Total revenue was 318.

Task
Find the count of each ticket type and verify both ticket count and revenue.

Deliverable
worked solution",math,明确变量关系、计算过程与数值核验；连接多段证据或有依赖的条件,low; active_requirements=2; visible_constraints=3,en,,"List the plausible interpretations, select computable definitions, and give each result.",,,,,,,,,,
review-pilot-q-math-007,pilot-q-math-007,"交付形式
comparison table

给定材料
季度数据如下：Q1=250，Q2=280，Q3=530，Q4=30。附注称 Q3 中有 25 个单位应回溯计入 Q2。

任务
先按原表计算 Q2→Q3 增长率，再按附注调整后重新计算，并比较差异。",math,正确处理表格、连接、聚合或数据口径；保留原意和事实，不添加材料外信息；明确变量关系、计算过程与数值核验,low; active_requirements=3; visible_constraints=4,zh,,计算可比变化并避免把口径变化误当作真实增长。,,,,,,,,,,
review-pilot-q-math-008,pilot-q-math-008,"给定材料
某项目采购 x 台标准设备和 y 台增强设备。设备总数为 24，按标准设备 2 个积分、增强设备 1 个积分计算，总积分为 46。
补充条件：另外要求 x、y 为非负整数且 x≥y，核验解是否满足库存规则。

交付形式
solution table

任务
建立方程并求 x、y，代回两条条件核验。",math,比较可行路径并检查关键步骤与边界条件；明确变量关系、计算过程与数值核验；严格满足字段、格式、长度和结构约束,medium; active_requirements=3; visible_constraints=4,zh,,建立方程、求解，并检查解是否满足原始限制。,,,,,,,,,,
review-pilot-q-math-009,pilot-q-math-009,"任务
计算第二次仍为红球的条件概率，并写出分子与分母。

给定材料
袋中有 20 个红球和 4 个蓝球，不放回连续抽取 2 个。已知第一次抽到红球。
补充条件：第一次抽取后，观察者在第二次抽取前额外移走 1 个蓝球。

交付形式
probability tree; sections: events / probability fraction / verification",math,连接多段证据或有依赖的条件；明确变量关系、计算过程与数值核验；严格满足字段、格式、长度和结构约束,medium; active_requirements=3; visible_constraints=4,zh,,计算目标事件概率，并说明各阶段为何不能简单独立相乘。,,,,,,,,,,
review-pilot-q-math-010,pilot-q-math-010,"给定材料
数列满足 `a₁=21`，`a_(n+1)=a_n+6`。命题：对所有正整数 n，`a_n=21+(n-1)×6`。
补充条件：在证明通项后，再推导前 n 项和并用 n=3 核验。

任务
用数学归纳法证明命题，分别写出基础步和归纳步。

交付形式
formal proof",math,连接多段证据或有依赖的条件；严格满足字段、格式、长度和结构约束,medium; active_requirements=2; visible_constraints=3,zh,,给出证明，并单独检查起始项和递推边界。,,,,,,,,,,
review-pilot-q-math-011,pilot-q-math-011,"交付形式
calculation table

给定材料
A 组观测为 `[35, 36, 34, 35, 37]`；B 组为 `[5, 6, 5, 7, 200]`；最后一个 B 值来自传感器告警，是否有效尚未确认。
补充条件：校准记录表明告警值若有效应减去 2，再比较校准后的均值。

任务
分别计算两组中位数与均值，并说明待确认离群值如何影响比较。",math,正确处理表格、连接、聚合或数据口径；明确变量关系、计算过程与数值核验；识别多种合理解释并说明澄清需求,medium; active_requirements=3; visible_constraints=4,zh,,选择合适的汇总量并解释结论对处理方式是否敏感。,,,,,,,,,,
review-pilot-q-math-012,pilot-q-math-012,"给定材料
一个 L 形区域可看作 37m × 9m 的大矩形，右上角挖去 6m × 7m 的小矩形。各边均与坐标轴平行。
补充条件：同时计算该 L 形区域的外周长，不计挖空区域内部未暴露的边。

交付形式
annotated derivation; sections: whole area / cutouts / result

任务
求剩余面积，列出大矩形和挖空部分的计算，并保留单位。",math,比较可行路径并检查关键步骤与边界条件；严格满足字段、格式、长度和结构约束,medium; active_requirements=2; visible_constraints=3,zh,,推导总面积，标明重复计算的区域并验证单位。,,,,,,,,,,
review-pilot-q-math-013,pilot-q-math-013,"任务
写出整数优化模型并找出利润最大的生产组合。

给定材料
产品 A 每件利润 23，耗时 2 小时；产品 B 每件利润 6，耗时 1 小时。可用 25 小时，A 至少生产 1 件，A、B 均为非负整数。
补充条件：产品 B 最多生产 4 件，把该上限加入整数模型。

交付形式
optimization model",math,明确变量关系、计算过程与数值核验；比较可行路径并检查关键步骤与边界条件,medium; active_requirements=2; visible_constraints=3,mixed,,建立目标函数，比较候选方案并说明最优性条件。,,,,,,,,,,
review-pilot-q-math-014,pilot-q-math-014,"给定材料
影院售出成人票和学生票共 43 张。成人票每张 19 元，学生票每张 11 元，总收入为 769 元。
补充条件：售票结束后最后 2 张成人票每张返还 1 元，另算实际净收入。

任务
求两类票各售出多少张，并验证票数与收入。

交付形式
worked solution",math,连接多段证据或有依赖的条件；明确变量关系、计算过程与数值核验,medium; active_requirements=2; visible_constraints=3,zh,,列出合理解释，选择可计算的定义并分别给出结果。,,,,,,,,,,
review-pilot-q-math-015,pilot-q-math-015,"交付形式
comparison table

给定材料
季度数据如下：Q1=360，Q2=380，Q3=740，Q4=20。附注称 Q3 中有 36 个单位应回溯计入 Q2。
补充条件：复核又发现 Q3 有 5 个单位重复记录，应直接删除后再计算修订增长率。

任务
先按原表计算 Q2→Q3 增长率，再按附注调整后重新计算，并比较差异。",math,明确变量关系、计算过程与数值核验；保留原意和事实，不添加材料外信息,medium; active_requirements=2; visible_constraints=3,zh,,计算可比变化并避免把口径变化误当作真实增长。,,,,,,,,,,
review-pilot-q-math-016,pilot-q-math-016,"Provided material
A project buys x standard devices and y enhanced devices. The total is 21. A standard device counts for 2 points and an enhanced device for 1, giving 39 points.
Additional condition: The audit requires both elimination and matrix solutions, plus an explanation of why the coefficient determinant guarantees uniqueness.

Deliverable
stepwise derivation; sections: setup / solution / verification

Task
Form and solve the equations, then substitute the answer into both conditions.",math,严格满足字段、格式、长度和结构约束；比较可行路径并检查关键步骤与边界条件；明确变量关系、计算过程与数值核验,high; active_requirements=3; visible_constraints=4,en,,"Form the equations, solve them, and verify the result against the original constraints.",,,,,,,,,,
review-pilot-q-math-017,pilot-q-math-017,"任务
计算第二次仍为红球的条件概率，并写出分子与分母。

给定材料
袋中有 11 个红球和 7 个蓝球，不放回连续抽取 2 个。已知第一次抽到红球。
补充条件：第一次抽到的是红球；随后抛公平硬币决定是否放回该红球，但硬币结果不可见，求综合条件概率。

交付形式
probability tree; sections: events / probability fraction / verification",math,严格满足字段、格式、长度和结构约束；连接多段证据或有依赖的条件,high; active_requirements=2; visible_constraints=3,zh,,计算目标事件概率，并说明各阶段为何不能简单独立相乘。,,,,,,,,,,
review-pilot-q-math-018,pilot-q-math-018,"给定材料
数列满足 `a₁=38`，`a_(n+1)=a_n+6`。命题：对所有正整数 n，`a_n=38+(n-1)×6`。
补充条件：从 n=5 起递推增量改为原来的两倍；判断原命题在哪个范围成立，并给出首个反例。

任务
判断原命题在哪个范围成立；对成立范围给出归纳证明，并写出首个反例。

交付形式
proof outline",math,严格满足字段、格式、长度和结构约束；比较可行路径并检查关键步骤与边界条件,high; active_requirements=2; visible_constraints=3,zh,,给出证明，并单独检查起始项和递推边界。,,,,,,,,,,
review-pilot-q-math-019,pilot-q-math-019,"交付形式
calculation table

给定材料
A 组观测为 `[37, 38, 36, 37, 39]`；B 组为 `[7, 8, 7, 9, 220]`；最后一个 B 值来自传感器告警，是否有效尚未确认。
补充条件：告警值可能有效、应校准或应删除；分别计算三种情形并给出不依赖其状态的结论。

任务
分别计算两组中位数与均值，并说明待确认离群值如何影响比较。",math,识别多种合理解释并说明澄清需求；正确处理表格、连接、聚合或数据口径,high; active_requirements=2; visible_constraints=3,zh,,选择合适的汇总量并解释结论对处理方式是否敏感。,,,,,,,,,,
review-pilot-q-math-020,pilot-q-math-020,"给定材料
一个 L 形区域可看作 38m × 7m 的大矩形，右上角挖去 4m × 5m 的小矩形。各边均与坐标轴平行。
补充条件：左下角还挖去一个与原挖空不重叠的 1m × 2m 矩形，重新计算剩余面积。

交付形式
annotated derivation; sections: whole area / cutouts / result

任务
求剩余面积，列出大矩形和挖空部分的计算，并保留单位。",math,严格满足字段、格式、长度和结构约束；比较可行路径并检查关键步骤与边界条件,high; active_requirements=2; visible_constraints=3,zh,,推导总面积，标明重复计算的区域并验证单位。,,,,,,,,,,
review-pilot-q-math-021,pilot-q-math-021,"任务
写出整数优化模型并找出利润最大的生产组合。

给定材料
产品 A 每件利润 14，耗时 2 小时；产品 B 每件利润 8，耗时 1 小时。可用 25 小时，A 至少生产 1 件，A、B 均为非负整数。
补充条件：另有材料约束：A 每件耗材 1，B 每件耗材 2，总耗材不超过 12；同时满足工时与耗材约束。

交付形式
optimization model; sections: variables / constraints / optimum",math,严格满足字段、格式、长度和结构约束；明确变量关系、计算过程与数值核验,high; active_requirements=2; visible_constraints=3,zh,,建立目标函数，比较候选方案并说明最优性条件。,,,,,,,,,,
review-pilot-q-math-022,pilot-q-math-022,"给定材料
影院售出成人票和学生票共 39 张。成人票每张 16 元，学生票每张 7 元，总收入为 561 元。
补充条件：售出后退回 1 张成人票，原始收入不变但现金净额需扣除票价；分别报告售出数和最终持票数。

任务
求两类票各售出多少张，并验证票数与收入。

交付形式
worked solution",math,明确变量关系、计算过程与数值核验；连接多段证据或有依赖的条件,high; active_requirements=2; visible_constraints=3,zh,,列出合理解释，选择可计算的定义并分别给出结果。,,,,,,,,,,
review-pilot-q-math-023,pilot-q-math-023,"交付形式
comparison table

给定材料
季度数据如下：Q1=120，Q2=180，Q3=300，Q4=60。附注称 Q3 中有 12 个单位应回溯计入 Q2。
补充条件：除回溯调整外，Q2 有 4 个单位被误记到 Q1；完成两项修订后再与原增长率比较。

任务
先按原表计算 Q2→Q3 增长率，再按附注调整后重新计算，并比较差异。",math,保留原意和事实，不添加材料外信息；正确处理表格、连接、聚合或数据口径,high; active_requirements=2; visible_constraints=3,mixed,,计算可比变化并避免把口径变化误当作真实增长。,,,,,,,,,,
review-pilot-q-math-024,pilot-q-math-024,"给定材料
某项目采购 x 台标准设备和 y 台增强设备。设备总数为 24，按标准设备 2 个积分、增强设备 1 个积分计算，总积分为 46。

交付形式
solution table

任务
建立方程并求 x、y，代回两条条件核验。",math,明确变量关系、计算过程与数值核验；严格满足字段、格式、长度和结构约束；比较可行路径并检查关键步骤与边界条件,low; active_requirements=3; visible_constraints=4,zh,,建立方程、求解，并检查解是否满足原始限制。,,,,,,,,,,
review-pilot-q-math-025,pilot-q-math-025,"任务
计算第二次仍为红球的条件概率，并写出分子与分母。

给定材料
袋中有 30 个红球和 7 个蓝球，不放回连续抽取 2 个。已知第一次抽到红球。

交付形式
probability tree; sections: events / probability fraction / verification",math,明确变量关系、计算过程与数值核验；严格满足字段、格式、长度和结构约束,low; active_requirements=2; visible_constraints=3,zh,,计算目标事件概率，并说明各阶段为何不能简单独立相乘。,,,,,,,,,,
review-pilot-q-math-026,pilot-q-math-026,"Provided material
A sequence satisfies `a₁=32` and `a_(n+1)=a_n+6`. Claim: for every positive integer n, `a_n=32+(n-1)×6`.

Task
Prove the claim by induction, separating the base and induction steps.

Deliverable
proof outline",math,明确变量关系、计算过程与数值核验；严格满足字段、格式、长度和结构约束,low; active_requirements=2; visible_constraints=3,en,,Provide a proof and check the initial cases and recurrence boundary separately.,,,,,,,,,,
review-pilot-q-math-027,pilot-q-math-027,"交付形式
calculation table

给定材料
A 组观测为 `[35, 36, 34, 35, 37]`；B 组为 `[6, 7, 6, 8, 205]`；最后一个 B 值来自传感器告警，是否有效尚未确认。

任务
分别计算两组中位数与均值，并说明待确认离群值如何影响比较。",math,明确变量关系、计算过程与数值核验；识别多种合理解释并说明澄清需求,low; active_requirements=2; visible_constraints=3,zh,,选择合适的汇总量并解释结论对处理方式是否敏感。,,,,,,,,,,
review-pilot-q-math-028,pilot-q-math-028,"给定材料
一个 L 形区域可看作 36m × 8m 的大矩形，右上角挖去 5m × 6m 的小矩形。各边均与坐标轴平行。

交付形式
annotated derivation; sections: whole area / cutouts / result

任务
求剩余面积，列出大矩形和挖空部分的计算，并保留单位。",math,明确变量关系、计算过程与数值核验；比较可行路径并检查关键步骤与边界条件；严格满足字段、格式、长度和结构约束,low; active_requirements=3; visible_constraints=4,zh,,推导总面积，标明重复计算的区域并验证单位。,,,,,,,,,,
review-pilot-q-math-029,pilot-q-math-029,"任务
写出整数优化模型并找出利润最大的生产组合。

给定材料
产品 A 每件利润 19，耗时 2 小时；产品 B 每件利润 5，耗时 1 小时。可用 33 小时，A 至少生产 1 件，A、B 均为非负整数。

交付形式
decision table",math,比较可行路径并检查关键步骤与边界条件；严格满足字段、格式、长度和结构约束,low; active_requirements=2; visible_constraints=3,zh,,建立目标函数，比较候选方案并说明最优性条件。,,,,,,,,,,
review-pilot-q-math-030,pilot-q-math-030,"给定材料
影院售出成人票和学生票共 13 张。成人票每张 26 元，学生票每张 8 元，总收入为 266 元。

任务
求两类票各售出多少张，并验证票数与收入。

交付形式
assumption table",math,连接多段证据或有依赖的条件；明确变量关系、计算过程与数值核验,low; active_requirements=2; visible_constraints=3,zh,,列出合理解释，选择可计算的定义并分别给出结果。,,,,,,,,,,
review-pilot-q-math-031,pilot-q-math-031,"交付形式
calculation memo

给定材料
季度数据如下：Q1=240，Q2=260，Q3=500，Q4=20。附注称 Q3 中有 24 个单位应回溯计入 Q2。

任务
先按原表计算 Q2→Q3 增长率，再按附注调整后重新计算，并比较差异。",math,正确处理表格、连接、聚合或数据口径；明确变量关系、计算过程与数值核验,low; active_requirements=2; visible_constraints=3,zh,,计算可比变化并避免把口径变化误当作真实增长。,,,,,,,,,,
review-pilot-q-math-032,pilot-q-math-032,"给定材料
某项目采购 x 台标准设备和 y 台增强设备。设备总数为 38，按标准设备 2 个积分、增强设备 1 个积分计算，总积分为 71。
补充条件：另外要求 x、y 为非负整数且 x≥y，核验解是否满足库存规则。

交付形式
stepwise derivation; sections: setup / solution / verification

任务
建立方程并求 x、y，代回两条条件核验。",math,比较可行路径并检查关键步骤与边界条件；严格满足字段、格式、长度和结构约束,medium; active_requirements=2; visible_constraints=3,zh,,建立方程、求解，并检查解是否满足原始限制。,,,,,,,,,,
review-pilot-q-math-033,pilot-q-math-033,"任务
计算第二次仍为红球的条件概率，并写出分子与分母。

给定材料
袋中有 11 个红球和 7 个蓝球，不放回连续抽取 2 个。已知第一次抽到红球。
补充条件：第一次抽取后，观察者在第二次抽取前额外移走 1 个蓝球。

交付形式
formula derivation; sections: events / probability fraction / verification",math,连接多段证据或有依赖的条件；严格满足字段、格式、长度和结构约束；明确变量关系、计算过程与数值核验,medium; active_requirements=3; visible_constraints=4,mixed,,计算目标事件概率，并说明各阶段为何不能简单独立相乘。,,,,,,,,,,
review-pilot-q-math-034,pilot-q-math-034,"给定材料
数列满足 `a₁=17`，`a_(n+1)=a_n+3`。命题：对所有正整数 n，`a_n=17+(n-1)×3`。
补充条件：在证明通项后，再推导前 n 项和并用 n=3 核验。

任务
用数学归纳法证明命题，分别写出基础步和归纳步。

交付形式
proof outline",math,比较可行路径并检查关键步骤与边界条件；连接多段证据或有依赖的条件；严格满足字段、格式、长度和结构约束,medium; active_requirements=3; visible_constraints=4,zh,,给出证明，并单独检查起始项和递推边界。,,,,,,,,,,
review-pilot-q-math-035,pilot-q-math-035,"交付形式
calculation table

给定材料
A 组观测为 `[28, 29, 27, 28, 30]`；B 组为 `[6, 7, 6, 8, 170]`；最后一个 B 值来自传感器告警，是否有效尚未确认。
补充条件：校准记录表明告警值若有效应减去 2，再比较校准后的均值。

任务
分别计算两组中位数与均值，并说明待确认离群值如何影响比较。",math,正确处理表格、连接、聚合或数据口径；明确变量关系、计算过程与数值核验,medium; active_requirements=2; visible_constraints=3,zh,,选择合适的汇总量并解释结论对处理方式是否敏感。,,,,,,,,,,
review-pilot-q-math-036,pilot-q-math-036,"Provided material
An L-shaped region is a 44 m by 8 m rectangle with a 5 m by 6 m rectangle removed from its upper-right corner. All edges are axis-aligned.
Additional condition: Also calculate the outer perimeter, excluding unexposed edges inside the removed corner.

Deliverable
formula list

Task
Find the remaining area and show the whole and removed areas with units.",math,比较可行路径并检查关键步骤与边界条件；明确变量关系、计算过程与数值核验,medium; active_requirements=2; visible_constraints=3,en,,"Derive the total area, identify double-counted regions, and verify units.",,,,,,,,,,
review-pilot-q-math-037,pilot-q-math-037,"任务
写出整数优化模型并找出利润最大的生产组合。

给定材料
产品 A 每件利润 21，耗时 2 小时；产品 B 每件利润 11，耗时 1 小时。可用 39 小时，A 至少生产 1 件，A、B 均为非负整数。
补充条件：产品 B 最多生产 4 件，把该上限加入整数模型。

交付形式
optimization model; sections: variables / constraints / optimum",math,明确变量关系、计算过程与数值核验；比较可行路径并检查关键步骤与边界条件；严格满足字段、格式、长度和结构约束,medium; active_requirements=3; visible_constraints=4,zh,,建立目标函数，比较候选方案并说明最优性条件。,,,,,,,,,,
review-pilot-q-math-038,pilot-q-math-038,"给定材料
影院售出成人票和学生票共 39 张。成人票每张 17 元，学生票每张 8 元，总收入为 609 元。
补充条件：售票结束后最后 2 张成人票每张返还 1 元，另算实际净收入。

任务
求两类票各售出多少张，并验证票数与收入。

交付形式
worked solution",math,明确变量关系、计算过程与数值核验；连接多段证据或有依赖的条件,medium; active_requirements=2; visible_constraints=3,zh,,列出合理解释，选择可计算的定义并分别给出结果。,,,,,,,,,,
review-pilot-q-math-039,pilot-q-math-039,"交付形式
calculation memo

给定材料
季度数据如下：Q1=120，Q2=140，Q3=260，Q4=20。附注称 Q3 中有 12 个单位应回溯计入 Q2。
补充条件：复核又发现 Q3 有 5 个单位重复记录，应直接删除后再计算修订增长率。

任务
先按原表计算 Q2→Q3 增长率，再按附注调整后重新计算，并比较差异。",math,明确变量关系、计算过程与数值核验；正确处理表格、连接、聚合或数据口径,medium; active_requirements=2; visible_constraints=3,zh,,计算可比变化并避免把口径变化误当作真实增长。,,,,,,,,,,
review-pilot-q-math-040,pilot-q-math-040,"给定材料
某项目采购 x 台标准设备和 y 台增强设备。设备总数为 19，按标准设备 2 个积分、增强设备 1 个积分计算，总积分为 36。
补充条件：审计要求分别用消元法和矩阵法求解，并说明系数行列式为何保证结果唯一。

交付形式
solution table

任务
建立方程并求 x、y，代回两条条件核验。",math,严格满足字段、格式、长度和结构约束；明确变量关系、计算过程与数值核验,high; active_requirements=2; visible_constraints=3,zh,,建立方程、求解，并检查解是否满足原始限制。,,,,,,,,,,
review-pilot-q-math-041,pilot-q-math-041,"任务
计算第二次仍为红球的条件概率，并写出分子与分母。

给定材料
袋中有 34 个红球和 2 个蓝球，不放回连续抽取 2 个。已知第一次抽到红球。
补充条件：第一次抽到的是红球；随后抛公平硬币决定是否放回该红球，但硬币结果不可见，求综合条件概率。

交付形式
formula derivation; sections: events / probability fraction / verification",math,严格满足字段、格式、长度和结构约束；连接多段证据或有依赖的条件,high; active_requirements=2; visible_constraints=3,zh,,计算目标事件概率，并说明各阶段为何不能简单独立相乘。,,,,,,,,,,
review-pilot-q-math-042,pilot-q-math-042,"给定材料
数列满足 `a₁=8`，`a_(n+1)=a_n+2`。命题：对所有正整数 n，`a_n=8+(n-1)×2`。
补充条件：从 n=5 起递推增量改为原来的两倍；判断原命题在哪个范围成立，并给出首个反例。

任务
判断原命题在哪个范围成立；对成立范围给出归纳证明，并写出首个反例。

交付形式
proof outline",math,连接多段证据或有依赖的条件；比较可行路径并检查关键步骤与边界条件；明确变量关系、计算过程与数值核验,high; active_requirements=3; visible_constraints=4,zh,,给出证明，并单独检查起始项和递推边界。,,,,,,,,,,
review-pilot-q-math-043,pilot-q-math-043,"交付形式
statistical note

给定材料
A 组观测为 `[36, 37, 35, 36, 38]`；B 组为 `[5, 6, 5, 7, 205]`；最后一个 B 值来自传感器告警，是否有效尚未确认。
补充条件：告警值可能有效、应校准或应删除；分别计算三种情形并给出不依赖其状态的结论。

任务
分别计算两组中位数与均值，并说明待确认离群值如何影响比较。",math,识别多种合理解释并说明澄清需求；正确处理表格、连接、聚合或数据口径,high; active_requirements=2; visible_constraints=3,mixed,,选择合适的汇总量并解释结论对处理方式是否敏感。,,,,,,,,,,
review-pilot-q-math-044,pilot-q-math-044,"给定材料
一个 L 形区域可看作 22m × 7m 的大矩形，右上角挖去 4m × 5m 的小矩形。各边均与坐标轴平行。
补充条件：左下角还挖去一个与原挖空不重叠的 1m × 2m 矩形，重新计算剩余面积。

交付形式
annotated derivation; sections: whole area / cutouts / result

任务
求剩余面积，列出大矩形和挖空部分的计算，并保留单位。",math,严格满足字段、格式、长度和结构约束；比较可行路径并检查关键步骤与边界条件,high; active_requirements=2; visible_constraints=3,zh,,推导总面积，标明重复计算的区域并验证单位。,,,,,,,,,,
review-pilot-q-math-045,pilot-q-math-045,"任务
写出整数优化模型并找出利润最大的生产组合。

给定材料
产品 A 每件利润 22，耗时 2 小时；产品 B 每件利润 8，耗时 1 小时。可用 13 小时，A 至少生产 1 件，A、B 均为非负整数。
补充条件：另有材料约束：A 每件耗材 1，B 每件耗材 2，总耗材不超过 12；同时满足工时与耗材约束。

交付形式
decision table",math,严格满足字段、格式、长度和结构约束；明确变量关系、计算过程与数值核验,high; active_requirements=2; visible_constraints=3,zh,,建立目标函数，比较候选方案并说明最优性条件。,,,,,,,,,,
review-pilot-q-math-046,pilot-q-math-046,"Provided material
A cinema sold 37 adult and student tickets. Adult tickets cost 23; student tickets cost 11. Total revenue was 803.
Additional condition: One adult ticket is returned after sale; recorded revenue stays original but cash net loses its price. Report sold and retained counts.

Task
Find the count of each ticket type and verify both ticket count and revenue.

Deliverable
assumption table",math,连接多段证据或有依赖的条件；明确变量关系、计算过程与数值核验,high; active_requirements=2; visible_constraints=3,en,,"List the plausible interpretations, select computable definitions, and give each result.",,,,,,,,,,
review-pilot-q-math-047,pilot-q-math-047,"交付形式
comparison table

给定材料
季度数据如下：Q1=180，Q2=230，Q3=410，Q4=50。附注称 Q3 中有 18 个单位应回溯计入 Q2。
补充条件：除回溯调整外，Q2 有 4 个单位被误记到 Q1；完成两项修订后再与原增长率比较。

任务
先按原表计算 Q2→Q3 增长率，再按附注调整后重新计算，并比较差异。",math,保留原意和事实，不添加材料外信息；明确变量关系、计算过程与数值核验,high; active_requirements=2; visible_constraints=3,zh,,计算可比变化并避免把口径变化误当作真实增长。,,,,,,,,,,
review-pilot-q-math-048,pilot-q-math-048,"给定材料
某项目采购 x 台标准设备和 y 台增强设备。设备总数为 41，按标准设备 2 个积分、增强设备 1 个积分计算，总积分为 77。

交付形式
solution table

任务
建立方程并求 x、y，代回两条条件核验。",math,明确变量关系、计算过程与数值核验；比较可行路径并检查关键步骤与边界条件；严格满足字段、格式、长度和结构约束,low; active_requirements=3; visible_constraints=4,zh,,建立方程、求解，并检查解是否满足原始限制。,,,,,,,,,,
review-pilot-q-math-049,pilot-q-math-049,"任务
计算第二次仍为红球的条件概率，并写出分子与分母。

给定材料
袋中有 14 个红球和 5 个蓝球，不放回连续抽取 2 个。已知第一次抽到红球。

交付形式
formula derivation; sections: events / probability fraction / verification",math,明确变量关系、计算过程与数值核验；严格满足字段、格式、长度和结构约束；连接多段证据或有依赖的条件,low; active_requirements=3; visible_constraints=4,zh,,计算目标事件概率，并说明各阶段为何不能简单独立相乘。,,,,,,,,,,
review-pilot-q-qa-000,pilot-q-qa-000,"任务
本次 worker 是否应自动重试？说明每段材料在结论中的作用。

给定材料
[材料A] v2.7 文档规定，worker 收到 `retry_after` 后等待 38 秒再重试。
[材料B] v2.8 变更说明只取消了登录接口的自动重试，批处理接口保持原规则。
[材料C] 本次日志来自批处理接口，返回 HTTP 429 和 `retry_after`。

交付形式
checklist",qa,区分材料事实、领域常识和待验证假设；综合相隔较远的材料并保持前后一致；遵守接口或库约束并处理失败路径；严格满足字段、格式、长度和结构约束,low; active_requirements=4; visible_constraints=5,mixed,,结合版本条件解释原因，并给出可验证的处理步骤。,,,,,,,,,,
review-pilot-q-qa-001,pilot-q-qa-001,"给定材料
[材料A] 只有通过安全审批的版本才能进入部署队列。
[材料B] 记录显示版本 R38 已通过安全审批并于周二进入队列。
[材料C] 队列条目进入后，需要窗口负责人确认；R38 尚无确认记录。

任务
R38 当前可以正式部署吗？按证据链说明已经满足和仍未满足的条件。

交付形式
evidence chain",qa,连接多段证据或有依赖的条件；区分材料事实、领域常识和待验证假设；综合相隔较远的材料并保持前后一致,low; active_requirements=3; visible_constraints=4,zh,,判断事件顺序，并说明中间记录如何改变最终结论。,,,,,,,,,,
review-pilot-q-qa-002,pilot-q-qa-002,"Deliverable
qualified answer; table columns: fact / interpretation / clarification needed

Provided material
[Evidence A] A service with two serious incidents in the recent period requires review.
[Evidence B] Service S22 had 6 incidents in 7 days and 8 in 30 days.
[Evidence C] This policy page does not define “recent.”

Task
Can the review requirement be determined? Separate facts, interpretations, and the required clarification.",qa,识别多种合理解释并说明澄清需求；严格满足字段、格式、长度和结构约束；区分材料事实、领域常识和待验证假设；保留原意和事实，不添加材料外信息,low; active_requirements=4; visible_constraints=5,en,,Separate what can be answered from what needs clarification and ask concrete follow-up questions.,,,,,,,,,,
review-pilot-q-qa-003,pilot-q-qa-003,"给定材料
[材料A] 运营表记录 29 次成功和 3 次失败，统计窗口为自然日。
[材料B] 技术表记录 30 次成功和 3 次失败，统计窗口为最近 24 小时。
[材料C] 其中一条成功记录发生在昨日 00:05。

交付形式
comparison matrix

任务
两份成功数为何可能不同？哪些结论可以直接比较，哪些不能？",qa,连接多段证据或有依赖的条件；区分材料事实、领域常识和待验证假设,low; active_requirements=2; visible_constraints=3,zh,,比较证据强弱，说明哪些结论能同时得到支持。,,,,,,,,,,
review-pilot-q-qa-004,pilot-q-qa-004,"任务
最早可证实的故障点是什么？配置变化是否为根因？给出下一项验证。

给定材料
[材料A] 09:08 配置把 `mode` 从 safe 改为 fast。
[材料B] 09:10 第一次失败日志为 `schema mismatch: result.items`。
[材料C] 09:12 回滚 mode 后错误仍存在；09:14 恢复旧 schema 后请求成功。

交付形式
troubleshooting tree",qa,遵守接口或库约束并处理失败路径；利用失败现象定位最早偏差并设计回归检查；区分材料事实、领域常识和待验证假设,low; active_requirements=3; visible_constraints=4,zh,,给出按优先级排列的排查步骤，并说明每步如何缩小原因范围。,,,,,,,,,,
review-pilot-q-qa-005,pilot-q-qa-005,"给定材料
[材料A] 报表总量为 16，其中 active=11、suspended=5。
[材料B] 仪表盘只显示 active，标题却写“全部账户”。
[材料C] 数据字典把 suspended 定义为仍保留但不可登录的账户。

任务
解释仪表盘数字与报表总量的差异，并指出标题是否准确。

交付形式
evidence table",qa,正确处理表格、连接、聚合或数据口径；识别多种合理解释并说明澄清需求；明确变量关系、计算过程与数值核验,low; active_requirements=3; visible_constraints=4,zh,,解释可能原因，区分数据事实、推断和仍需验证的假设。,,,,,,,,,,
review-pilot-q-qa-006,pilot-q-qa-006,"交付形式
clause-based answer

给定材料
[材料A·定义] 有效申请必须在截止日前提交。
[材料B·例外] 系统故障超过两小时，可在恢复后一个工作日内补交。
[材料C·记录] 截止日当天系统中断 8 小时，申请 P36 在次日补交。
[材料D·附录] 该例外不适用于主动撤回后重新提交的申请；P36 没有撤回记录。

任务
申请 P36 是否满足时间规则？综合定义、例外、记录和附录。",qa,综合相隔较远的材料并保持前后一致；连接多段证据或有依赖的条件；保留原意和事实，不添加材料外信息,low; active_requirements=3; visible_constraints=4,zh,,回答具体情形是否适用，并引用相互关联的条款。,,,,,,,,,,
review-pilot-q-qa-007,pilot-q-qa-007,"给定材料
[材料A] 中文制度把 `service window` 译为“服务窗口”，指允许停机的时段。
[Evidence B] English log says the job ran outside the service window.
[材料C] v1.12.3 说明曾把同一词误译为“客服窗口”，本次事件使用新版术语。

交付形式
bilingual explanation; table columns: term / source / reason

任务
用中文解释日志结论，并说明应采用哪个术语及理由。",qa,跨语言保持术语和语域一致；严格满足字段、格式、长度和结构约束；综合相隔较远的材料并保持前后一致；区分材料事实、领域常识和待验证假设,low; active_requirements=4; visible_constraints=5,mixed,,统一术语后解释差异，并避免把翻译差别当作事实冲突。,,,,,,,,,,
review-pilot-q-qa-008,pilot-q-qa-008,"任务
本次 worker 是否应自动重试？说明每段材料在结论中的作用。

给定材料
[材料A] v2.6 文档规定，worker 收到 `retry_after` 后等待 19 秒再重试。
[材料B] v2.7 变更说明只取消了登录接口的自动重试，批处理接口保持原规则。
[材料C] 本次日志来自批处理接口，返回 HTTP 429 和 `retry_after`。
[材料D] 日志没有路径；路由表显示 job_type=batch 映射批处理接口，本次 job_type 为 batch。

交付形式
checklist",qa,综合相隔较远的材料并保持前后一致；区分材料事实、领域常识和待验证假设,medium; active_requirements=2; visible_constraints=3,zh,,结合版本条件解释原因，并给出可验证的处理步骤。,,,,,,,,,,
review-pilot-q-qa-009,pilot-q-qa-009,"Provided material
[Evidence A] Only a security-approved release may enter the deployment queue.
[Evidence B] R33 passed review and entered the queue Tuesday.
[Evidence C] A queued release also needs window-owner confirmation; R33 has none.
[Evidence D] The window owner later approves read-only traffic only; write deployment remains unapproved.

Task
Can R33 be deployed now? Identify satisfied and unsatisfied conditions.

Deliverable
timeline",qa,综合相隔较远的材料并保持前后一致；区分材料事实、领域常识和待验证假设；连接多段证据或有依赖的条件,medium; active_requirements=3; visible_constraints=4,en,,Determine the event order and explain how the middle record changes the conclusion.,,,,,,,,,,
review-pilot-q-qa-010,pilot-q-qa-010,"交付形式
qualified answer

给定材料
[材料A] 制度规定：最近发生两次严重故障的服务需要复审。
[材料B] 服务 S16 在过去 7 天有 3 次、过去 30 天有 5 次严重故障。
[材料C] 本页没有定义“最近”的时间范围。
[材料D] 另一章节把“最近”用于 14 天窗口，但本页没有交叉引用该章节。

任务
能否确定服务 S16 必须复审？分别说明确定事实、可能解释和所需澄清。",qa,区分材料事实、领域常识和待验证假设；识别多种合理解释并说明澄清需求,medium; active_requirements=2; visible_constraints=3,zh,,区分能直接回答的部分与需要澄清的部分，并提出具体澄清问题。,,,,,,,,,,
review-pilot-q-qa-011,pilot-q-qa-011,"给定材料
[材料A] 运营表记录 17 次成功和 6 次失败，统计窗口为自然日。
[材料B] 技术表记录 18 次成功和 6 次失败，统计窗口为最近 24 小时。
[材料C] 其中一条成功记录发生在昨日 00:05。
[材料D] 两张表换算到 UTC 后，昨日 00:05 的记录落在不同统计日。

交付形式
comparison matrix

任务
两份成功数为何可能不同？哪些结论可以直接比较，哪些不能？",qa,区分材料事实、领域常识和待验证假设；综合相隔较远的材料并保持前后一致；连接多段证据或有依赖的条件,medium; active_requirements=3; visible_constraints=4,zh,,比较证据强弱，说明哪些结论能同时得到支持。,,,,,,,,,,
review-pilot-q-qa-012,pilot-q-qa-012,"任务
最早可证实的故障点是什么？配置变化是否为根因？给出下一项验证。

给定材料
[材料A] 09:32 配置把 `mode` 从 safe 改为 fast。
[材料B] 09:34 第一次失败日志为 `schema mismatch: result.items`。
[材料C] 09:36 回滚 mode 后错误仍存在；09:38 恢复旧 schema 后请求成功。
[材料D] schema 在 mode 变更前 5 分钟已升级，但当时没有流量。

交付形式
ordered checklist",qa,利用失败现象定位最早偏差并设计回归检查；遵守接口或库约束并处理失败路径；区分材料事实、领域常识和待验证假设；严格满足字段、格式、长度和结构约束,medium; active_requirements=4; visible_constraints=5,zh,,给出按优先级排列的排查步骤，并说明每步如何缩小原因范围。,,,,,,,,,,
review-pilot-q-qa-013,pilot-q-qa-013,"给定材料
[材料A] 报表总量为 22，其中 active=15、suspended=7。
[材料B] 仪表盘只显示 active，标题却写“全部账户”。
[材料C] 数据字典把 suspended 定义为仍保留但不可登录的账户。
[材料D] 计费报表仍包含 suspended 账户，因此不能直接用仪表盘核对账单。

任务
解释仪表盘数字与报表总量的差异，并指出标题是否准确。

交付形式
evidence table",qa,区分材料事实、领域常识和待验证假设；明确变量关系、计算过程与数值核验,medium; active_requirements=2; visible_constraints=3,mixed,,解释可能原因，区分数据事实、推断和仍需验证的假设。,,,,,,,,,,
review-pilot-q-qa-014,pilot-q-qa-014,"交付形式
clause-based answer

给定材料
[材料A·定义] 有效申请必须在截止日前提交。
[材料B·例外] 系统故障超过两小时，可在恢复后一个工作日内补交。
[材料C·记录] 截止日当天系统中断 4 小时，申请 P14 在次日补交。
[材料D·附录] 该例外不适用于主动撤回后重新提交的申请；P14 没有撤回记录。
[材料E] 新修订要求故障至少持续 4 小时，本次修订在截止日前生效。

任务
申请 P14 是否满足时间规则？综合定义、例外、记录和附录。",qa,保留原意和事实，不添加材料外信息；连接多段证据或有依赖的条件,medium; active_requirements=2; visible_constraints=3,zh,,回答具体情形是否适用，并引用相互关联的条款。,,,,,,,,,,
review-pilot-q-qa-015,pilot-q-qa-015,"给定材料
[材料A] 中文制度把 `service window` 译为“服务窗口”，指允许停机的时段。
[Evidence B] English log says the job ran outside the service window.
[材料C] v1.32.2 说明曾把同一词误译为“客服窗口”，本次事件使用新版术语。
[材料D] 当前 glossary 明确禁止把 service window 译作“客服窗口”。

交付形式
bilingual explanation

任务
用中文解释日志结论，并说明应采用哪个术语及理由。",qa,区分材料事实、领域常识和待验证假设；综合相隔较远的材料并保持前后一致；跨语言保持术语和语域一致,medium; active_requirements=3; visible_constraints=4,zh,,统一术语后解释差异，并避免把翻译差别当作事实冲突。,,,,,,,,,,
review-pilot-q-qa-016,pilot-q-qa-016,"Task
Should this worker retry automatically? Explain how each passage supports the answer.

Provided material
[Evidence A] In v2.2 a worker waits 8 seconds after `retry_after`.
[Evidence B] The v2.3 change removes automatic retry only for login; batch endpoints retain it.
[Evidence C] This batch request returned HTTP 429 with `retry_after`.
[Evidence D] The gateway path says `/login`, but the policy uses operation=batch to select retry rules, and this operation is batch.

Deliverable
checklist",qa,遵守接口或库约束并处理失败路径；严格满足字段、格式、长度和结构约束；综合相隔较远的材料并保持前后一致,high; active_requirements=3; visible_constraints=4,en,,Use the version conditions to explain the cause and give verifiable resolution steps.,,,,,,,,,,
review-pilot-q-qa-017,pilot-q-qa-017,"给定材料
[材料A] 只有通过安全审批的版本才能进入部署队列。
[材料B] 记录显示版本 R12 已通过安全审批并于周二进入队列。
[材料C] 队列条目进入后，需要窗口负责人确认；R12 尚无确认记录。
[材料D] 安全审批在周一到期，而入队记录发生在周二；续期尚无记录。

任务
R12 当前可以正式部署吗？按证据链说明已经满足和仍未满足的条件。

交付形式
evidence chain",qa,区分材料事实、领域常识和待验证假设；连接多段证据或有依赖的条件；综合相隔较远的材料并保持前后一致,high; active_requirements=3; visible_constraints=4,zh,,判断事件顺序，并说明中间记录如何改变最终结论。,,,,,,,,,,
review-pilot-q-qa-018,pilot-q-qa-018,"交付形式
clarification list; table columns: fact / interpretation / clarification needed

给定材料
[材料A] 制度规定：最近发生两次严重故障的服务需要复审。
[材料B] 服务 S33 在过去 7 天有 3 次、过去 30 天有 5 次严重故障。
[材料C] 本页没有定义“最近”的时间范围。
[材料D] 修订记录明确本条款的“最近”为 30 天，并注明该定义自本月一日起生效。

任务
能否确定服务 S33 必须复审？分别说明确定事实、可能解释和所需澄清。",qa,严格满足字段、格式、长度和结构约束；区分材料事实、领域常识和待验证假设,high; active_requirements=2; visible_constraints=3,zh,,区分能直接回答的部分与需要澄清的部分，并提出具体澄清问题。,,,,,,,,,,
review-pilot-q-qa-019,pilot-q-qa-019,"给定材料
[材料A] 运营表记录 30 次成功和 7 次失败，统计窗口为自然日。
[材料B] 技术表记录 31 次成功和 7 次失败，统计窗口为最近 24 小时。
[材料C] 其中一条成功记录发生在昨日 00:05。
[材料D] 技术表还包含一次重放成功，运营表按 request_id 去重后不计该条。

交付形式
evidence-based answer

任务
两份成功数为何可能不同？哪些结论可以直接比较，哪些不能？",qa,综合相隔较远的材料并保持前后一致；区分材料事实、领域常识和待验证假设；连接多段证据或有依赖的条件,high; active_requirements=3; visible_constraints=4,zh,,比较证据强弱，说明哪些结论能同时得到支持。,,,,,,,,,,
review-pilot-q-qa-020,pilot-q-qa-020,"任务
最早可证实的故障点是什么？配置变化是否为根因？给出下一项验证。

给定材料
[材料A] 09:36 配置把 `mode` 从 safe 改为 fast。
[材料B] 09:38 第一次失败日志为 `schema mismatch: result.items`。
[材料C] 09:40 回滚 mode 后错误仍存在；09:42 恢复旧 schema 后请求成功。
[材料D] 用旧 schema 重放同一失败请求成功，用新 schema 重放仍失败。

交付形式
troubleshooting tree; table columns: observation / hypothesis / test",qa,严格满足字段、格式、长度和结构约束；遵守接口或库约束并处理失败路径,high; active_requirements=2; visible_constraints=3,mixed,,给出按优先级排列的排查步骤，并说明每步如何缩小原因范围。,,,,,,,,,,
review-pilot-q-qa-021,pilot-q-qa-021,"给定材料
[材料A] 报表总量为 33，其中 active=29、suspended=4。
[材料B] 仪表盘只显示 active，标题却写“全部账户”。
[材料C] 数据字典把 suspended 定义为仍保留但不可登录的账户。
[材料D] deleted 账户不在两者中；审计问题只针对 active 与 suspended 的范围差异。

任务
解释仪表盘数字与报表总量的差异，并指出标题是否准确。

交付形式
evidence table",qa,明确变量关系、计算过程与数值核验；识别多种合理解释并说明澄清需求；正确处理表格、连接、聚合或数据口径,high; active_requirements=3; visible_constraints=4,zh,,解释可能原因，区分数据事实、推断和仍需验证的假设。,,,,,,,,,,
review-pilot-q-qa-022,pilot-q-qa-022,"Deliverable
clause-based answer

Provided material
[Definition A] A valid application is submitted before the deadline.
[Exception B] After an outage over two hours, submission may occur within one business day of recovery.
[Record C] The system failed for 7 hours on deadline day; P11 was submitted the next day.
[Appendix D] The exception excludes withdrawn resubmissions; P11 was never withdrawn.
[Evidence E] Late submission must arrive by 17:00 on the next business day; the record shows 16:40.

Task
Does P11 meet the timing rule? Integrate the definition, exception, record, and appendix.",qa,连接多段证据或有依赖的条件；综合相隔较远的材料并保持前后一致,high; active_requirements=2; visible_constraints=3,en,,Decide whether a concrete case is covered and cite the related clauses.,,,,,,,,,,
review-pilot-q-qa-023,pilot-q-qa-023,"给定材料
[材料A] 中文制度把 `service window` 译为“服务窗口”，指允许停机的时段。
[Evidence B] English log says the job ran outside the service window.
[材料C] v1.28.5 说明曾把同一词误译为“客服窗口”，本次事件使用新版术语。
[材料D] 旧工单仍使用“客服窗口”，但页脚标注它引用的是旧版 glossary。

交付形式
bilingual explanation; table columns: term / source / reason

任务
用中文解释日志结论，并说明应采用哪个术语及理由。",qa,严格满足字段、格式、长度和结构约束；区分材料事实、领域常识和待验证假设；综合相隔较远的材料并保持前后一致；跨语言保持术语和语域一致,high; active_requirements=4; visible_constraints=5,zh,,统一术语后解释差异，并避免把翻译差别当作事实冲突。,,,,,,,,,,
review-pilot-q-qa-024,pilot-q-qa-024,"任务
本次 worker 是否应自动重试？说明每段材料在结论中的作用。

给定材料
[材料A] v2.3 文档规定，worker 收到 `retry_after` 后等待 30 秒再重试。
[材料B] v2.4 变更说明只取消了登录接口的自动重试，批处理接口保持原规则。
[材料C] 本次日志来自批处理接口，返回 HTTP 429 和 `retry_after`。

交付形式
technical answer; table columns: claim / evidence / conclusion",qa,严格满足字段、格式、长度和结构约束；区分材料事实、领域常识和待验证假设,low; active_requirements=2; visible_constraints=3,zh,,结合版本条件解释原因，并给出可验证的处理步骤。,,,,,,,,,,
review-pilot-q-qa-025,pilot-q-qa-025,"给定材料
[材料A] 只有通过安全审批的版本才能进入部署队列。
[材料B] 记录显示版本 R11 已通过安全审批并于周二进入队列。
[材料C] 队列条目进入后，需要窗口负责人确认；R11 尚无确认记录。

任务
R11 当前可以正式部署吗？按证据链说明已经满足和仍未满足的条件。

交付形式
timeline",qa,连接多段证据或有依赖的条件；综合相隔较远的材料并保持前后一致；区分材料事实、领域常识和待验证假设,low; active_requirements=3; visible_constraints=4,zh,,判断事件顺序，并说明中间记录如何改变最终结论。,,,,,,,,,,
review-pilot-q-qa-026,pilot-q-qa-026,"交付形式
qualified answer

给定材料
[材料A] 制度规定：最近发生两次严重故障的服务需要复审。
[材料B] 服务 S13 在过去 7 天有 4 次、过去 30 天有 6 次严重故障。
[材料C] 本页没有定义“最近”的时间范围。

任务
能否确定服务 S13 必须复审？分别说明确定事实、可能解释和所需澄清。",qa,保留原意和事实，不添加材料外信息；识别多种合理解释并说明澄清需求,low; active_requirements=2; visible_constraints=3,zh,,区分能直接回答的部分与需要澄清的部分，并提出具体澄清问题。,,,,,,,,,,
review-pilot-q-qa-027,pilot-q-qa-027,"给定材料
[材料A] 运营表记录 29 次成功和 7 次失败，统计窗口为自然日。
[材料B] 技术表记录 30 次成功和 7 次失败，统计窗口为最近 24 小时。
[材料C] 其中一条成功记录发生在昨日 00:05。

交付形式
comparison matrix

任务
两份成功数为何可能不同？哪些结论可以直接比较，哪些不能？",qa,连接多段证据或有依赖的条件；综合相隔较远的材料并保持前后一致；区分材料事实、领域常识和待验证假设,low; active_requirements=3; visible_constraints=4,mixed,,比较证据强弱，说明哪些结论能同时得到支持。,,,,,,,,,,
review-pilot-q-qa-028,pilot-q-qa-028,"任务
最早可证实的故障点是什么？配置变化是否为根因？给出下一项验证。

给定材料
[材料A] 09:26 配置把 `mode` 从 safe 改为 fast。
[材料B] 09:28 第一次失败日志为 `schema mismatch: result.items`。
[材料C] 09:30 回滚 mode 后错误仍存在；09:32 恢复旧 schema 后请求成功。

交付形式
troubleshooting tree; table columns: observation / hypothesis / test",qa,区分材料事实、领域常识和待验证假设；严格满足字段、格式、长度和结构约束,low; active_requirements=2; visible_constraints=3,zh,,给出按优先级排列的排查步骤，并说明每步如何缩小原因范围。,,,,,,,,,,
review-pilot-q-qa-029,pilot-q-qa-029,"Provided material
[Evidence A] The report totals 21: active=15, suspended=6.
[Evidence B] The dashboard displays only active accounts but is titled “All accounts.”
[Evidence C] The dictionary says suspended accounts still exist but cannot sign in.

Task
Explain the difference and assess whether the dashboard title is accurate.

Deliverable
evidence table",qa,识别多种合理解释并说明澄清需求；明确变量关系、计算过程与数值核验,low; active_requirements=2; visible_constraints=3,en,,"Explain possible causes while separating observed facts, inferences, and unverified hypotheses.",,,,,,,,,,
review-pilot-q-qa-030,pilot-q-qa-030,"交付形式
clause-based answer

给定材料
[材料A·定义] 有效申请必须在截止日前提交。
[材料B·例外] 系统故障超过两小时，可在恢复后一个工作日内补交。
[材料C·记录] 截止日当天系统中断 8 小时，申请 P14 在次日补交。
[材料D·附录] 该例外不适用于主动撤回后重新提交的申请；P14 没有撤回记录。

任务
申请 P14 是否满足时间规则？综合定义、例外、记录和附录。",qa,综合相隔较远的材料并保持前后一致；连接多段证据或有依赖的条件,low; active_requirements=2; visible_constraints=3,zh,,回答具体情形是否适用，并引用相互关联的条款。,,,,,,,,,,
review-pilot-q-qa-031,pilot-q-qa-031,"给定材料
[材料A] 中文制度把 `service window` 译为“服务窗口”，指允许停机的时段。
[Evidence B] English log says the job ran outside the service window.
[材料C] v1.10.5 说明曾把同一词误译为“客服窗口”，本次事件使用新版术语。

交付形式
bilingual explanation; table columns: term / source / reason

任务
用中文解释日志结论，并说明应采用哪个术语及理由。",qa,综合相隔较远的材料并保持前后一致；严格满足字段、格式、长度和结构约束；区分材料事实、领域常识和待验证假设；跨语言保持术语和语域一致,low; active_requirements=4; visible_constraints=5,zh,,统一术语后解释差异，并避免把翻译差别当作事实冲突。,,,,,,,,,,
review-pilot-q-qa-032,pilot-q-qa-032,"任务
本次 worker 是否应自动重试？说明每段材料在结论中的作用。

给定材料
[材料A] v2.5 文档规定，worker 收到 `retry_after` 后等待 13 秒再重试。
[材料B] v2.6 变更说明只取消了登录接口的自动重试，批处理接口保持原规则。
[材料C] 本次日志来自批处理接口，返回 HTTP 429 和 `retry_after`。
[材料D] 日志没有路径；路由表显示 job_type=batch 映射批处理接口，本次 job_type 为 batch。

交付形式
checklist",qa,区分材料事实、领域常识和待验证假设；综合相隔较远的材料并保持前后一致；遵守接口或库约束并处理失败路径；严格满足字段、格式、长度和结构约束,medium; active_requirements=4; visible_constraints=5,zh,,结合版本条件解释原因，并给出可验证的处理步骤。,,,,,,,,,,
review-pilot-q-qa-033,pilot-q-qa-033,"给定材料
[材料A] 只有通过安全审批的版本才能进入部署队列。
[材料B] 记录显示版本 R36 已通过安全审批并于周二进入队列。
[材料C] 队列条目进入后，需要窗口负责人确认；R36 尚无确认记录。
[材料D] 窗口负责人随后给出仅限只读流量的确认，写入部署仍未确认。

任务
R36 当前可以正式部署吗？按证据链说明已经满足和仍未满足的条件。

交付形式
timeline",qa,综合相隔较远的材料并保持前后一致；区分材料事实、领域常识和待验证假设,medium; active_requirements=2; visible_constraints=3,mixed,,判断事件顺序，并说明中间记录如何改变最终结论。,,,,,,,,,,
review-pilot-q-qa-034,pilot-q-qa-034,"交付形式
qualified answer

给定材料
[材料A] 制度规定：最近发生两次严重故障的服务需要复审。
[材料B] 服务 S28 在过去 7 天有 2 次、过去 30 天有 4 次严重故障。
[材料C] 本页没有定义“最近”的时间范围。
[材料D] 另一章节把“最近”用于 14 天窗口，但本页没有交叉引用该章节。

任务
能否确定服务 S28 必须复审？分别说明确定事实、可能解释和所需澄清。",qa,识别多种合理解释并说明澄清需求；区分材料事实、领域常识和待验证假设,medium; active_requirements=2; visible_constraints=3,zh,,区分能直接回答的部分与需要澄清的部分，并提出具体澄清问题。,,,,,,,,,,
review-pilot-q-qa-035,pilot-q-qa-035,"给定材料
[材料A] 运营表记录 10 次成功和 7 次失败，统计窗口为自然日。
[材料B] 技术表记录 11 次成功和 7 次失败，统计窗口为最近 24 小时。
[材料C] 其中一条成功记录发生在昨日 00:05。
[材料D] 两张表换算到 UTC 后，昨日 00:05 的记录落在不同统计日。

交付形式
evidence-based answer

任务
两份成功数为何可能不同？哪些结论可以直接比较，哪些不能？",qa,区分材料事实、领域常识和待验证假设；综合相隔较远的材料并保持前后一致；连接多段证据或有依赖的条件,medium; active_requirements=3; visible_constraints=4,zh,,比较证据强弱，说明哪些结论能同时得到支持。,,,,,,,,,,
review-pilot-q-qa-036,pilot-q-qa-036,"Task
What is the earliest confirmed failure point? Is mode the root cause, and what should be checked next?

Provided material
[Evidence A] At 09:33 `mode` changed from safe to fast.
[Evidence B] At 09:35 the first failure was `schema mismatch: result.items`.
[Evidence C] Rolling back mode at 09:37 did not help; restoring the old schema at 09:39 did.
[Evidence D] The schema changed five minutes before mode, when the service had no traffic.

Deliverable
troubleshooting tree",qa,遵守接口或库约束并处理失败路径；区分材料事实、领域常识和待验证假设；利用失败现象定位最早偏差并设计回归检查,medium; active_requirements=3; visible_constraints=4,en,,Give prioritized troubleshooting steps and explain how each narrows the cause.,,,,,,,,,,
review-pilot-q-qa-037,pilot-q-qa-037,"给定材料
[材料A] 报表总量为 30，其中 active=28、suspended=2。
[材料B] 仪表盘只显示 active，标题却写“全部账户”。
[材料C] 数据字典把 suspended 定义为仍保留但不可登录的账户。
[材料D] 计费报表仍包含 suspended 账户，因此不能直接用仪表盘核对账单。

任务
解释仪表盘数字与报表总量的差异，并指出标题是否准确。

交付形式
evidence table",qa,正确处理表格、连接、聚合或数据口径；识别多种合理解释并说明澄清需求,medium; active_requirements=2; visible_constraints=3,zh,,解释可能原因，区分数据事实、推断和仍需验证的假设。,,,,,,,,,,
review-pilot-q-qa-038,pilot-q-qa-038,"交付形式
clause-based answer

给定材料
[材料A·定义] 有效申请必须在截止日前提交。
[材料B·例外] 系统故障超过两小时，可在恢复后一个工作日内补交。
[材料C·记录] 截止日当天系统中断 4 小时，申请 P37 在次日补交。
[材料D·附录] 该例外不适用于主动撤回后重新提交的申请；P37 没有撤回记录。
[材料E] 新修订要求故障至少持续 4 小时，本次修订在截止日前生效。

任务
申请 P37 是否满足时间规则？综合定义、例外、记录和附录。",qa,保留原意和事实，不添加材料外信息；综合相隔较远的材料并保持前后一致,medium; active_requirements=2; visible_constraints=3,zh,,回答具体情形是否适用，并引用相互关联的条款。,,,,,,,,,,
review-pilot-q-qa-039,pilot-q-qa-039,"给定材料
[材料A] 中文制度把 `service window` 译为“服务窗口”，指允许停机的时段。
[Evidence B] English log says the job ran outside the service window.
[材料C] v1.34.2 说明曾把同一词误译为“客服窗口”，本次事件使用新版术语。
[材料D] 当前 glossary 明确禁止把 service window 译作“客服窗口”。

交付形式
terminology table

任务
用中文解释日志结论，并说明应采用哪个术语及理由。",qa,跨语言保持术语和语域一致；综合相隔较远的材料并保持前后一致；区分材料事实、领域常识和待验证假设,medium; active_requirements=3; visible_constraints=4,zh,,统一术语后解释差异，并避免把翻译差别当作事实冲突。,,,,,,,,,,
review-pilot-q-qa-040,pilot-q-qa-040,"任务
本次 worker 是否应自动重试？说明每段材料在结论中的作用。

给定材料
[材料A] v2.6 文档规定，worker 收到 `retry_after` 后等待 26 秒再重试。
[材料B] v2.7 变更说明只取消了登录接口的自动重试，批处理接口保持原规则。
[材料C] 本次日志来自批处理接口，返回 HTTP 429 和 `retry_after`。
[材料D] 网关路径写作 `/login`，但文档规定重试规则以 operation=batch 字段为准；本次 operation 为 batch。

交付形式
technical answer",qa,综合相隔较远的材料并保持前后一致；区分材料事实、领域常识和待验证假设；遵守接口或库约束并处理失败路径,high; active_requirements=3; visible_constraints=4,mixed,,结合版本条件解释原因，并给出可验证的处理步骤。,,,,,,,,,,
review-pilot-q-qa-041,pilot-q-qa-041,"给定材料
[材料A] 只有通过安全审批的版本才能进入部署队列。
[材料B] 记录显示版本 R38 已通过安全审批并于周二进入队列。
[材料C] 队列条目进入后，需要窗口负责人确认；R38 尚无确认记录。
[材料D] 安全审批在周一到期，而入队记录发生在周二；续期尚无记录。

任务
R38 当前可以正式部署吗？按证据链说明已经满足和仍未满足的条件。

交付形式
timeline",qa,区分材料事实、领域常识和待验证假设；综合相隔较远的材料并保持前后一致,high; active_requirements=2; visible_constraints=3,zh,,判断事件顺序，并说明中间记录如何改变最终结论。,,,,,,,,,,
review-pilot-q-qa-042,pilot-q-qa-042,"Deliverable
clarification list; table columns: fact / interpretation / clarification needed

Provided material
[Evidence A] A service with two serious incidents in the recent period requires review.
[Evidence B] Service S27 had 3 incidents in 7 days and 5 in 30 days.
[Evidence C] This policy page does not define “recent.”
[Evidence D] A revision defines recent as 30 days for this clause, effective from the first of this month.

Task
Can the review requirement be determined? Separate facts, interpretations, and the required clarification.",qa,区分材料事实、领域常识和待验证假设；保留原意和事实，不添加材料外信息；识别多种合理解释并说明澄清需求；严格满足字段、格式、长度和结构约束,high; active_requirements=4; visible_constraints=5,en,,Separate what can be answered from what needs clarification and ask concrete follow-up questions.,,,,,,,,,,
review-pilot-q-qa-043,pilot-q-qa-043,"给定材料
[材料A] 运营表记录 9 次成功和 2 次失败，统计窗口为自然日。
[材料B] 技术表记录 10 次成功和 2 次失败，统计窗口为最近 24 小时。
[材料C] 其中一条成功记录发生在昨日 00:05。
[材料D] 技术表还包含一次重放成功，运营表按 request_id 去重后不计该条。

交付形式
comparison matrix

任务
两份成功数为何可能不同？哪些结论可以直接比较，哪些不能？",qa,综合相隔较远的材料并保持前后一致；区分材料事实、领域常识和待验证假设；连接多段证据或有依赖的条件,high; active_requirements=3; visible_constraints=4,zh,,比较证据强弱，说明哪些结论能同时得到支持。,,,,,,,,,,
review-pilot-q-qa-044,pilot-q-qa-044,"任务
最早可证实的故障点是什么？配置变化是否为根因？给出下一项验证。

给定材料
[材料A] 09:15 配置把 `mode` 从 safe 改为 fast。
[材料B] 09:17 第一次失败日志为 `schema mismatch: result.items`。
[材料C] 09:19 回滚 mode 后错误仍存在；09:21 恢复旧 schema 后请求成功。
[材料D] 用旧 schema 重放同一失败请求成功，用新 schema 重放仍失败。

交付形式
ordered checklist",qa,利用失败现象定位最早偏差并设计回归检查；严格满足字段、格式、长度和结构约束,high; active_requirements=2; visible_constraints=3,zh,,给出按优先级排列的排查步骤，并说明每步如何缩小原因范围。,,,,,,,,,,
review-pilot-q-qa-045,pilot-q-qa-045,"给定材料
[材料A] 报表总量为 43，其中 active=39、suspended=4。
[材料B] 仪表盘只显示 active，标题却写“全部账户”。
[材料C] 数据字典把 suspended 定义为仍保留但不可登录的账户。
[材料D] deleted 账户不在两者中；审计问题只针对 active 与 suspended 的范围差异。

任务
解释仪表盘数字与报表总量的差异，并指出标题是否准确。

交付形式
layered explanation",qa,区分材料事实、领域常识和待验证假设；明确变量关系、计算过程与数值核验,high; active_requirements=2; visible_constraints=3,zh,,解释可能原因，区分数据事实、推断和仍需验证的假设。,,,,,,,,,,
review-pilot-q-qa-046,pilot-q-qa-046,"交付形式
decision memo

给定材料
[材料A·定义] 有效申请必须在截止日前提交。
[材料B·例外] 系统故障超过两小时，可在恢复后一个工作日内补交。
[材料C·记录] 截止日当天系统中断 9 小时，申请 P30 在次日补交。
[材料D·附录] 该例外不适用于主动撤回后重新提交的申请；P30 没有撤回记录。
[材料E] 补交还需在系统恢复后的下一个工作日 17:00 前提交；记录显示提交时间为 16:40。

任务
申请 P30 是否满足时间规则？综合定义、例外、记录和附录。",qa,连接多段证据或有依赖的条件；综合相隔较远的材料并保持前后一致；保留原意和事实，不添加材料外信息,high; active_requirements=3; visible_constraints=4,zh,,回答具体情形是否适用，并引用相互关联的条款。,,,,,,,,,,
review-pilot-q-qa-047,pilot-q-qa-047,"给定材料
[材料A] 中文制度把 `service window` 译为“服务窗口”，指允许停机的时段。
[Evidence B] English log says the job ran outside the service window.
[材料C] v1.17.5 说明曾把同一词误译为“客服窗口”，本次事件使用新版术语。
[材料D] 旧工单仍使用“客服窗口”，但页脚标注它引用的是旧版 glossary。

交付形式
bilingual explanation; table columns: term / source / reason

任务
用中文解释日志结论，并说明应采用哪个术语及理由。",qa,区分材料事实、领域常识和待验证假设；跨语言保持术语和语域一致；严格满足字段、格式、长度和结构约束,high; active_requirements=3; visible_constraints=4,mixed,,统一术语后解释差异，并避免把翻译差别当作事实冲突。,,,,,,,,,,
review-pilot-q-qa-048,pilot-q-qa-048,"任务
本次 worker 是否应自动重试？说明每段材料在结论中的作用。

给定材料
[材料A] v2.6 文档规定，worker 收到 `retry_after` 后等待 19 秒再重试。
[材料B] v2.7 变更说明只取消了登录接口的自动重试，批处理接口保持原规则。
[材料C] 本次日志来自批处理接口，返回 HTTP 429 和 `retry_after`。

交付形式
checklist",qa,遵守接口或库约束并处理失败路径；区分材料事实、领域常识和待验证假设；综合相隔较远的材料并保持前后一致；严格满足字段、格式、长度和结构约束,low; active_requirements=4; visible_constraints=5,zh,,结合版本条件解释原因，并给出可验证的处理步骤。,,,,,,,,,,
review-pilot-q-qa-049,pilot-q-qa-049,"Provided material
[Evidence A] Only a security-approved release may enter the deployment queue.
[Evidence B] R11 passed review and entered the queue Tuesday.
[Evidence C] A queued release also needs window-owner confirmation; R11 has none.

Task
Can R11 be deployed now? Identify satisfied and unsatisfied conditions.

Deliverable
evidence chain",qa,连接多段证据或有依赖的条件；区分材料事实、领域常识和待验证假设,low; active_requirements=2; visible_constraints=3,en,,Determine the event order and explain how the middle record changes the conclusion.,,,,,,,,,,
review-pilot-q-summary-000,pilot-q-summary-000,"Task
Extract decisions, disagreements, owners, and open items without adding unsupported facts.

Provided material
[Note 1] The team approved read-only release R17 Wednesday and delayed writes 2 days.
[Note 2] Operations requires a cache-hit alert before release.
[Note 3] Mobile compatibility is assigned to Li Ming for Tuesday.
[Note 4] Whether a failed compatibility test cancels release is unresolved.

Deliverable
action table",summary,综合相隔较远的材料并保持前后一致；识别多种合理解释并说明澄清需求；严格满足字段、格式、长度和结构约束；保留原意和事实，不添加材料外信息,low; active_requirements=4; visible_constraints=5,en,,"Extract decisions, disagreements, owners, and open items without adding unsupported facts.",,,,,,,,,,
review-pilot-q-summary-001,pilot-q-summary-001,"给定材料
[段落1] 试验组包含 35 个样本，对照组包含 37 个样本。
[段落2] 主要指标提高 3.32%，但 95% 置信区间跨过零。
[段落3] 作者认为结果值得继续验证，没有声称效果已经确定。
[段落4] 局限包括样本量小、单中心和两例失访。

任务
压缩主要发现，同时保留限制并区分观察与解释。

交付形式
structured abstract",summary,保留原意和事实，不添加材料外信息；综合相隔较远的材料并保持前后一致,low; active_requirements=2; visible_constraints=3,zh,,压缩主要发现，同时保留限制并区分观察与解释。,,,,,,,,,,
review-pilot-q-summary-002,pilot-q-summary-002,"交付形式
incident brief

给定材料
[事件1] 09:10 发布配置，两分钟后首次出现写入超时。
[事件2] 09:20 流量切回旧集群，错误率从 17% 降至 7%。
[事件3] 10:05 修复连接池上限后恢复全部流量，错误率回到基线。
[事件4] 已证实连接池耗尽；配置变更是否直接触发耗尽仍待验证。

任务
总结时间线、影响、已证实原因和待验证事项。",summary,综合相隔较远的材料并保持前后一致；连接多段证据或有依赖的条件,low; active_requirements=2; visible_constraints=3,zh,,总结时间线、影响、已证实原因和待验证事项。,,,,,,,,,,
review-pilot-q-summary-003,pilot-q-summary-003,"Provided material
[Table 1] August revenue was 800k and refunds 40k for August 1–31.
[Table 2] Active users were 8000 for July 25–August 24.
[Note 3] Revenue excludes tax; refunds use approval date rather than payment date.
[Note 4] Management needs comparable findings and explicit non-comparability.

Deliverable
management note

Task
Produce a comparable management summary and flag figures that should not be directly compared.",summary,正确处理表格、连接、聚合或数据口径；明确变量关系、计算过程与数值核验,low; active_requirements=2; visible_constraints=3,en,,Produce a comparable management summary and flag figures that should not be directly compared.,,,,,,,,,,
review-pilot-q-summary-004,pilot-q-summary-004,"任务
并列冲突、评估证据，并给出不超出材料的综合摘要。

给定材料
[报告A] 项目 R13 完成 74%，延期原因是接口变更。
[报告B] 项目 R13 完成 64%，延期原因是测试环境晚到。
[附件C] R13 的接口变更影响了 4 个模块；测试环境比计划晚 5 天开放。
[备注D] 两份报告采用的完成率计算口径没有记录。

交付形式
conflict matrix",summary,识别多种合理解释并说明澄清需求；保留原意和事实，不添加材料外信息；综合相隔较远的材料并保持前后一致；连接多段证据或有依赖的条件,low; active_requirements=4; visible_constraints=5,zh,,并列冲突、评估证据，并给出不超出材料的综合摘要。,,,,,,,,,,
review-pilot-q-summary-005,pilot-q-summary-005,"给定材料
[章节1] 构建 R37 安装前要求 Python 3.11，并创建独立虚拟环境。
[章节2] 配置文件必须先通过 `router validate`，再启动服务。
[章节3] 若迁移失败，保留数据库并用 `router rollback --config <path>` 回滚。
[附录4] v2.0 不支持从 v0.x 直接升级；必须先迁移到 v1.5。

任务
为实施人员整理顺序化摘要，保留关键前置条件。

交付形式
ordered checklist",summary,综合相隔较远的材料并保持前后一致；遵守接口或库约束并处理失败路径；严格满足字段、格式、长度和结构约束；保留原意和事实，不添加材料外信息,low; active_requirements=4; visible_constraints=5,zh,,为实施人员整理顺序化摘要，保留关键前置条件。,,,,,,,,,,
review-pilot-q-summary-006,pilot-q-summary-006,"交付形式
bilingual summary

给定材料
[中文1] 数据导入已完成，验证工作计划周四结束。
[English 2] Data import is complete; validation found 6 unresolved duplicate IDs.
[中文3] 当前版本没有记录这 6 个重复 ID，负责人尚未确认处理方式。
[English 4] Deployment remains scheduled for Friday, subject to validation approval.
[说明5] 两种语言材料都没有说明“当前版本”是否指同一次构建。

任务
统一术语并形成合并摘要，标注仅来自单一版本的信息。",summary,跨语言保持术语和语域一致；保留原意和事实，不添加材料外信息,low; active_requirements=2; visible_constraints=3,mixed,,统一术语并形成合并摘要，标注仅来自单一版本的信息。,,,,,,,,,,
review-pilot-q-summary-007,pilot-q-summary-007,"给定材料
[结论1] 试点覆盖 21 个团队，其中 20 个按期完成。
[风险2] 剩余团队缺少接口权限，最早在 7 个工作日后解决。
[决定3] 管理层批准扩大试点，但要求先完成权限整改。
[下一步4] 王宁负责周四前提交整改清单；预算增补尚未批准。

交付形式
JSON summary

任务
在严格字段和长度限制下生成可核查摘要。",summary,严格满足字段、格式、长度和结构约束；保留原意和事实，不添加材料外信息；综合相隔较远的材料并保持前后一致,low; active_requirements=3; visible_constraints=4,zh,,在严格字段和长度限制下生成可核查摘要。,,,,,,,,,,
review-pilot-q-summary-008,pilot-q-summary-008,"Task
Extract decisions, disagreements, owners, and open items without adding unsupported facts.

Provided material
[Note 1] The team approved read-only release R40 Wednesday and delayed writes 4 days.
[Note 2] Operations requires a cache-hit alert before release.
[Note 3] Mobile compatibility is assigned to Li Ming for Tuesday.
[Note 4] Whether a failed compatibility test cancels release is unresolved.
[Appendix 5] Mobile testing later passes, but the cache alert remains incomplete, so release conditions are only partly met.

Deliverable
action table",summary,保留原意和事实，不添加材料外信息；识别多种合理解释并说明澄清需求；严格满足字段、格式、长度和结构约束；综合相隔较远的材料并保持前后一致,medium; active_requirements=4; visible_constraints=5,en,,"Extract decisions, disagreements, owners, and open items without adding unsupported facts.",,,,,,,,,,
review-pilot-q-summary-009,pilot-q-summary-009,"给定材料
[段落1] 试验组包含 38 个样本，对照组包含 40 个样本。
[段落2] 主要指标提高 5.33%，但 95% 置信区间跨过零。
[段落3] 作者认为结果值得继续验证，没有声称效果已经确定。
[段落4] 局限包括样本量小、单中心和两例失访。
[附录5] 预设亚组没有改善，而探索性亚组显示正向结果；两者必须分开报告。

任务
压缩主要发现，同时保留限制并区分观察与解释。

交付形式
structured abstract",summary,区分材料事实、领域常识和待验证假设；保留原意和事实，不添加材料外信息,medium; active_requirements=2; visible_constraints=3,zh,,压缩主要发现，同时保留限制并区分观察与解释。,,,,,,,,,,
review-pilot-q-summary-010,pilot-q-summary-010,"交付形式
incident brief

给定材料
[事件1] 09:17 发布配置，两分钟后首次出现写入超时。
[事件2] 09:27 流量切回旧集群，错误率从 19% 降至 2%。
[事件3] 10:05 修复连接池上限后恢复全部流量，错误率回到基线。
[事件4] 已证实连接池耗尽；配置变更是否直接触发耗尽仍待验证。
[附录5] 回滚后读取恢复，但写入直到连接池修复才恢复，影响范围需要分阶段描述。

任务
总结时间线、影响、已证实原因和待验证事项。",summary,利用失败现象定位最早偏差并设计回归检查；连接多段证据或有依赖的条件,medium; active_requirements=2; visible_constraints=3,zh,,总结时间线、影响、已证实原因和待验证事项。,,,,,,,,,,
review-pilot-q-summary-011,pilot-q-summary-011,"给定材料
[表1] 8 月：收入 1200 万元，退款 20 万元，周期为 8 月 1–31 日。
[表2] 活跃用户 12000，周期为 7 月 25 日–8 月 24 日。
[说明3] 收入口径不含税，退款表按审批日而不是支付日归属月份。
[说明4] 管理层需要同时看到可比结论和不可直接比较之处。
[附录5] 修订说明指出退款值的“万元”标签有误，原始导出实际以千元计；摘要需保留该更正。

交付形式
management note

任务
给出可比的管理摘要，并明确不可直接比较的数据。",summary,明确变量关系、计算过程与数值核验；保留原意和事实，不添加材料外信息,medium; active_requirements=2; visible_constraints=3,zh,,给出可比的管理摘要，并明确不可直接比较的数据。,,,,,,,,,,
review-pilot-q-summary-012,pilot-q-summary-012,"Task
Present the conflicts, assess evidence, and write a synthesis that stays within the material.

Provided material
[Report A] Project R23 is 75% complete; API changes caused delay.
[Report B] Project R23 is 65% complete; a late test environment caused delay.
[Appendix C] R23 API changes affected 5 modules and the environment opened 6 days late.
[Note D] Neither report records its completion-rate definition.
[Appendix 5] Report B later says its rate covers scheduled features only; Report A still lacks a denominator.

Deliverable
conflict matrix",summary,连接多段证据或有依赖的条件；综合相隔较远的材料并保持前后一致,medium; active_requirements=2; visible_constraints=3,en,,"Present the conflicts, assess evidence, and write a synthesis that stays within the material.",,,,,,,,,,
review-pilot-q-summary-013,pilot-q-summary-013,"给定材料
[章节1] 构建 R26 安装前要求 Python 3.11，并创建独立虚拟环境。
[章节2] 配置文件必须先通过 `router validate`，再启动服务。
[章节3] 若迁移失败，保留数据库并用 `router rollback --config <path>` 回滚。
[附录4] v2.0 不支持从 v0.x 直接升级；必须先迁移到 v1.5。
[附录5] Windows 安装不支持默认 shell 脚本，必须改用 `router.ps1 validate`。

任务
为实施人员整理顺序化摘要，保留关键前置条件。

交付形式
runbook summary",summary,遵守接口或库约束并处理失败路径；综合相隔较远的材料并保持前后一致,medium; active_requirements=2; visible_constraints=3,zh,,为实施人员整理顺序化摘要，保留关键前置条件。,,,,,,,,,,
review-pilot-q-summary-014,pilot-q-summary-014,"交付形式
term-aligned table

给定材料
[中文1] 数据导入已完成，验证工作计划周四结束。
[English 2] Data import is complete; validation found 5 unresolved duplicate IDs.
[中文3] 当前版本没有记录这 5 个重复 ID，负责人尚未确认处理方式。
[English 4] Deployment remains scheduled for Friday, subject to validation approval.
[附录5] 英文更新说明重复 ID 只影响测试环境，中文版本没有环境范围说明。

任务
统一术语并形成合并摘要，标注仅来自单一版本的信息。",summary,保留原意和事实，不添加材料外信息；综合相隔较远的材料并保持前后一致,medium; active_requirements=2; visible_constraints=3,zh,,统一术语并形成合并摘要，标注仅来自单一版本的信息。,,,,,,,,,,
review-pilot-q-summary-015,pilot-q-summary-015,"Provided material
[Finding 1] The pilot covered 33 teams and 32 finished on time.
[Risk 2] The remaining team lacks API permission; resolution takes at least 4 business days.
[Decision 3] Expansion is approved after permission remediation.
[Next step 4] Wang Ning owns Thursday's remediation list; extra budget is unapproved.
[Appendix 5] The permission risk has an owner, but completion still depends on external approval.

Deliverable
JSON summary

Task
Produce a verifiable summary under strict field and length constraints.",summary,保留原意和事实，不添加材料外信息；区分材料事实、领域常识和待验证假设；严格满足字段、格式、长度和结构约束；综合相隔较远的材料并保持前后一致,medium; active_requirements=4; visible_constraints=5,en,,Produce a verifiable summary under strict field and length constraints.,,,,,,,,,,
review-pilot-q-summary-016,pilot-q-summary-016,"任务
提炼决定、分歧、负责人和未决事项，不补写会议中没有的信息。

给定材料
[记录1] 团队决定周三先发布 R30 的只读查询，写入功能延后 3 天。
[记录2] 运维认为缓存指标仍缺失，发布前需补上命中率告警。
[记录3] 产品负责人同意只读范围，但移动端兼容性由李明在周二前确认。
[记录4] 未决事项：若兼容性测试失败，是否取消周三发布尚无决定。
[附录5] 安全负责人要求把只读发布推迟到告警和兼容性同时通过；产品负责人尚未接受该变更。

交付形式
executive summary; sections: decisions / owners / disagreements / open items",summary,严格满足字段、格式、长度和结构约束；综合相隔较远的材料并保持前后一致,high; active_requirements=2; visible_constraints=3,zh,,提炼决定、分歧、负责人和未决事项，不补写会议中没有的信息。,,,,,,,,,,
review-pilot-q-summary-017,pilot-q-summary-017,"给定材料
[段落1] 试验组包含 33 个样本，对照组包含 35 个样本。
[段落2] 主要指标提高 4.29%，但 95% 置信区间跨过零。
[段落3] 作者认为结果值得继续验证，没有声称效果已经确定。
[段落4] 局限包括样本量小、单中心和两例失访。
[附录5] 注册方案把主要指标定义为第 30 天结果，正文却报告第 14 天结果；作者尚未解释偏离。

任务
压缩主要发现，同时保留限制并区分观察与解释。

交付形式
structured abstract; sections: finding / uncertainty / limitations / follow-up",summary,综合相隔较远的材料并保持前后一致；保留原意和事实，不添加材料外信息；严格满足字段、格式、长度和结构约束；区分材料事实、领域常识和待验证假设,high; active_requirements=4; visible_constraints=5,mixed,,压缩主要发现，同时保留限制并区分观察与解释。,,,,,,,,,,
review-pilot-q-summary-018,pilot-q-summary-018,"交付形式
incident brief

给定材料
[事件1] 09:36 发布配置，两分钟后首次出现写入超时。
[事件2] 09:46 流量切回旧集群，错误率从 43% 降至 7%。
[事件3] 10:05 修复连接池上限后恢复全部流量，错误率回到基线。
[事件4] 已证实连接池耗尽；配置变更是否直接触发耗尽仍待验证。
[附录5] 客户端时钟比服务端快 3 分钟；最终时间线必须统一到服务端时间并标注换算。

任务
总结时间线、影响、已证实原因和待验证事项。",summary,保留原意和事实，不添加材料外信息；连接多段证据或有依赖的条件,high; active_requirements=2; visible_constraints=3,zh,,总结时间线、影响、已证实原因和待验证事项。,,,,,,,,,,
review-pilot-q-summary-019,pilot-q-summary-019,"给定材料
[表1] 8 月：收入 4000 万元，退款 30 万元，周期为 8 月 1–31 日。
[表2] 活跃用户 40000，周期为 7 月 25 日–8 月 24 日。
[说明3] 收入口径不含税，退款表按审批日而不是支付日归属月份。
[说明4] 管理层需要同时看到可比结论和不可直接比较之处。
[附录5] 活跃用户表后来补发自然月口径版本；摘要需并列原 31 天滚动口径与新自然月口径。

交付形式
metric table

任务
给出可比的管理摘要，并明确不可直接比较的数据。",summary,保留原意和事实，不添加材料外信息；识别多种合理解释并说明澄清需求,high; active_requirements=2; visible_constraints=3,zh,,给出可比的管理摘要，并明确不可直接比较的数据。,,,,,,,,,,
review-pilot-q-summary-020,pilot-q-summary-020,"Task
Present the conflicts, assess evidence, and write a synthesis that stays within the material.

Provided material
[Report A] Project R20 is 73% complete; API changes caused delay.
[Report B] Project R20 is 63% complete; a late test environment caused delay.
[Appendix C] R20 API changes affected 3 modules and the environment opened 4 days late.
[Note D] Neither report records its completion-rate definition.
[Appendix 5] An independent audit confirms both causes occurred but cannot quantify each cause's delay.

Deliverable
conflict matrix",summary,保留原意和事实，不添加材料外信息；综合相隔较远的材料并保持前后一致,high; active_requirements=2; visible_constraints=3,en,,"Present the conflicts, assess evidence, and write a synthesis that stays within the material.",,,,,,,,,,
review-pilot-q-summary-021,pilot-q-summary-021,"给定材料
[章节1] 构建 R23 安装前要求 Python 3.11，并创建独立虚拟环境。
[章节2] 配置文件必须先通过 `router validate`，再启动服务。
[章节3] 若迁移失败，保留数据库并用 `router rollback --config <path>` 回滚。
[附录4] v2.0 不支持从 v0.x 直接升级；必须先迁移到 v1.5。
[附录5] 回滚命令只有在迁移前备份校验通过时可用；备份失败时必须停止升级。

任务
为实施人员整理顺序化摘要，保留关键前置条件。

交付形式
ordered checklist",summary,保留原意和事实，不添加材料外信息；严格满足字段、格式、长度和结构约束；遵守接口或库约束并处理失败路径,high; active_requirements=3; visible_constraints=4,zh,,为实施人员整理顺序化摘要，保留关键前置条件。,,,,,,,,,,
review-pilot-q-summary-022,pilot-q-summary-022,"交付形式
term-aligned table

给定材料
[中文1] 数据导入已完成，验证工作计划周四结束。
[English 2] Data import is complete; validation found 4 unresolved duplicate IDs.
[中文3] 当前版本没有记录这 4 个重复 ID，负责人尚未确认处理方式。
[English 4] Deployment remains scheduled for Friday, subject to validation approval.
[附录5] 中文版本的时间戳晚于英文版，但英文页脚自称最终版；版本优先级尚未确定。

任务
统一术语并形成合并摘要，标注仅来自单一版本的信息。",summary,综合相隔较远的材料并保持前后一致；保留原意和事实，不添加材料外信息；识别多种合理解释并说明澄清需求；跨语言保持术语和语域一致,high; active_requirements=4; visible_constraints=5,zh,,统一术语并形成合并摘要，标注仅来自单一版本的信息。,,,,,,,,,,
review-pilot-q-summary-023,pilot-q-summary-023,"Provided material
[Finding 1] The pilot covered 26 teams and 25 finished on time.
[Risk 2] The remaining team lacks API permission; resolution takes at least 3 business days.
[Decision 3] Expansion is approved after permission remediation.
[Next step 4] Wang Ning owns Thursday's remediation list; extra budget is unapproved.
[Appendix 5] Expansion has a budget cap that the current plan exceeds, and scope reduction remains undecided.

Deliverable
JSON summary

Task
Produce a verifiable summary under strict field and length constraints.",summary,区分材料事实、领域常识和待验证假设；保留原意和事实，不添加材料外信息,high; active_requirements=2; visible_constraints=3,en,,Produce a verifiable summary under strict field and length constraints.,,,,,,,,,,
review-pilot-q-summary-024,pilot-q-summary-024,"任务
提炼决定、分歧、负责人和未决事项，不补写会议中没有的信息。

给定材料
[记录1] 团队决定周三先发布 R31 的只读查询，写入功能延后 3 天。
[记录2] 运维认为缓存指标仍缺失，发布前需补上命中率告警。
[记录3] 产品负责人同意只读范围，但移动端兼容性由李明在周二前确认。
[记录4] 未决事项：若兼容性测试失败，是否取消周三发布尚无决定。

交付形式
action table",summary,识别多种合理解释并说明澄清需求；严格满足字段、格式、长度和结构约束；保留原意和事实，不添加材料外信息,low; active_requirements=3; visible_constraints=4,zh,,提炼决定、分歧、负责人和未决事项，不补写会议中没有的信息。,,,,,,,,,,
review-pilot-q-summary-025,pilot-q-summary-025,"给定材料
[段落1] 试验组包含 28 个样本，对照组包含 30 个样本。
[段落2] 主要指标提高 3.25%，但 95% 置信区间跨过零。
[段落3] 作者认为结果值得继续验证，没有声称效果已经确定。
[段落4] 局限包括样本量小、单中心和两例失访。

任务
压缩主要发现，同时保留限制并区分观察与解释。

交付形式
bullet summary; sections: finding / uncertainty / limitations / follow-up",summary,严格满足字段、格式、长度和结构约束；保留原意和事实，不添加材料外信息；区分材料事实、领域常识和待验证假设；综合相隔较远的材料并保持前后一致,low; active_requirements=4; visible_constraints=5,zh,,压缩主要发现，同时保留限制并区分观察与解释。,,,,,,,,,,
review-pilot-q-summary-026,pilot-q-summary-026,"交付形式
timeline table

给定材料
[事件1] 09:28 发布配置，两分钟后首次出现写入超时。
[事件2] 09:38 流量切回旧集群，错误率从 30% 降至 2%。
[事件3] 10:05 修复连接池上限后恢复全部流量，错误率回到基线。
[事件4] 已证实连接池耗尽；配置变更是否直接触发耗尽仍待验证。

任务
总结时间线、影响、已证实原因和待验证事项。",summary,连接多段证据或有依赖的条件；利用失败现象定位最早偏差并设计回归检查；综合相隔较远的材料并保持前后一致,low; active_requirements=3; visible_constraints=4,mixed,,总结时间线、影响、已证实原因和待验证事项。,,,,,,,,,,
review-pilot-q-summary-027,pilot-q-summary-027,"给定材料
[表1] 8 月：收入 1400 万元，退款 70 万元，周期为 8 月 1–31 日。
[表2] 活跃用户 14000，周期为 7 月 25 日–8 月 24 日。
[说明3] 收入口径不含税，退款表按审批日而不是支付日归属月份。
[说明4] 管理层需要同时看到可比结论和不可直接比较之处。

交付形式
management note

任务
给出可比的管理摘要，并明确不可直接比较的数据。",summary,识别多种合理解释并说明澄清需求；明确变量关系、计算过程与数值核验,low; active_requirements=2; visible_constraints=3,zh,,给出可比的管理摘要，并明确不可直接比较的数据。,,,,,,,,,,
review-pilot-q-summary-028,pilot-q-summary-028,"Task
Present the conflicts, assess evidence, and write a synthesis that stays within the material.

Provided material
[Report A] Project R29 is 76% complete; API changes caused delay.
[Report B] Project R29 is 66% complete; a late test environment caused delay.
[Appendix C] R29 API changes affected 6 modules and the environment opened 7 days late.
[Note D] Neither report records its completion-rate definition.

Deliverable
synthesis",summary,综合相隔较远的材料并保持前后一致；识别多种合理解释并说明澄清需求,low; active_requirements=2; visible_constraints=3,en,,"Present the conflicts, assess evidence, and write a synthesis that stays within the material.",,,,,,,,,,
review-pilot-q-summary-029,pilot-q-summary-029,"给定材料
[章节1] 构建 R15 安装前要求 Python 3.11，并创建独立虚拟环境。
[章节2] 配置文件必须先通过 `router validate`，再启动服务。
[章节3] 若迁移失败，保留数据库并用 `router rollback --config <path>` 回滚。
[附录4] v2.0 不支持从 v0.x 直接升级；必须先迁移到 v1.5。

任务
为实施人员整理顺序化摘要，保留关键前置条件。

交付形式
runbook summary; sections: prerequisite / command / rollback",summary,严格满足字段、格式、长度和结构约束；保留原意和事实，不添加材料外信息；遵守接口或库约束并处理失败路径；综合相隔较远的材料并保持前后一致,low; active_requirements=4; visible_constraints=5,zh,,为实施人员整理顺序化摘要，保留关键前置条件。,,,,,,,,,,
review-pilot-q-summary-030,pilot-q-summary-030,"交付形式
term-aligned table

给定材料
[中文1] 数据导入已完成，验证工作计划周四结束。
[English 2] Data import is complete; validation found 2 unresolved duplicate IDs.
[中文3] 当前版本没有记录这 2 个重复 ID，负责人尚未确认处理方式。
[English 4] Deployment remains scheduled for Friday, subject to validation approval.
[说明5] 两种语言材料都没有说明“当前版本”是否指同一次构建。

任务
统一术语并形成合并摘要，标注仅来自单一版本的信息。",summary,识别多种合理解释并说明澄清需求；综合相隔较远的材料并保持前后一致,low; active_requirements=2; visible_constraints=3,zh,,统一术语并形成合并摘要，标注仅来自单一版本的信息。,,,,,,,,,,
review-pilot-q-summary-031,pilot-q-summary-031,"给定材料
[结论1] 试点覆盖 40 个团队，其中 39 个按期完成。
[风险2] 剩余团队缺少接口权限，最早在 6 个工作日后解决。
[决定3] 管理层批准扩大试点，但要求先完成权限整改。
[下一步4] 王宁负责周四前提交整改清单；预算增补尚未批准。

交付形式
four-section brief

任务
在严格字段和长度限制下生成可核查摘要。",summary,综合相隔较远的材料并保持前后一致；区分材料事实、领域常识和待验证假设；严格满足字段、格式、长度和结构约束；保留原意和事实，不添加材料外信息,low; active_requirements=4; visible_constraints=5,zh,,在严格字段和长度限制下生成可核查摘要。,,,,,,,,,,
review-pilot-q-summary-032,pilot-q-summary-032,"Task
Extract decisions, disagreements, owners, and open items without adding unsupported facts.

Provided material
[Note 1] The team approved read-only release R21 Wednesday and delayed writes 5 days.
[Note 2] Operations requires a cache-hit alert before release.
[Note 3] Mobile compatibility is assigned to Li Ming for Tuesday.
[Note 4] Whether a failed compatibility test cancels release is unresolved.
[Appendix 5] Mobile testing later passes, but the cache alert remains incomplete, so release conditions are only partly met.

Deliverable
action table",summary,综合相隔较远的材料并保持前后一致；严格满足字段、格式、长度和结构约束；识别多种合理解释并说明澄清需求；保留原意和事实，不添加材料外信息,medium; active_requirements=4; visible_constraints=5,en,,"Extract decisions, disagreements, owners, and open items without adding unsupported facts.",,,,,,,,,,
review-pilot-q-summary-033,pilot-q-summary-033,"给定材料
[段落1] 试验组包含 38 个样本，对照组包含 40 个样本。
[段落2] 主要指标提高 6.32%，但 95% 置信区间跨过零。
[段落3] 作者认为结果值得继续验证，没有声称效果已经确定。
[段落4] 局限包括样本量小、单中心和两例失访。
[附录5] 预设亚组没有改善，而探索性亚组显示正向结果；两者必须分开报告。

任务
压缩主要发现，同时保留限制并区分观察与解释。

交付形式
structured abstract; sections: finding / uncertainty / limitations / follow-up",summary,保留原意和事实，不添加材料外信息；综合相隔较远的材料并保持前后一致；区分材料事实、领域常识和待验证假设；严格满足字段、格式、长度和结构约束,medium; active_requirements=4; visible_constraints=5,zh,,压缩主要发现，同时保留限制并区分观察与解释。,,,,,,,,,,
review-pilot-q-summary-034,pilot-q-summary-034,"交付形式
timeline table

给定材料
[事件1] 09:28 发布配置，两分钟后首次出现写入超时。
[事件2] 09:38 流量切回旧集群，错误率从 33% 降至 5%。
[事件3] 10:05 修复连接池上限后恢复全部流量，错误率回到基线。
[事件4] 已证实连接池耗尽；配置变更是否直接触发耗尽仍待验证。
[附录5] 回滚后读取恢复，但写入直到连接池修复才恢复，影响范围需要分阶段描述。

任务
总结时间线、影响、已证实原因和待验证事项。",summary,综合相隔较远的材料并保持前后一致；连接多段证据或有依赖的条件；利用失败现象定位最早偏差并设计回归检查,medium; active_requirements=3; visible_constraints=4,zh,,总结时间线、影响、已证实原因和待验证事项。,,,,,,,,,,
review-pilot-q-summary-035,pilot-q-summary-035,"Provided material
[Table 1] August revenue was 2000k and refunds 50k for August 1–31.
[Table 2] Active users were 20000 for July 25–August 24.
[Note 3] Revenue excludes tax; refunds use approval date rather than payment date.
[Note 4] Management needs comparable findings and explicit non-comparability.
[Appendix 5] A revision says an earlier refund label incorrectly read 'ten-thousands'; the raw export and figures shown here use thousands. Retain that correction.

Deliverable
metric table

Task
Produce a comparable management summary and flag figures that should not be directly compared.",summary,正确处理表格、连接、聚合或数据口径；明确变量关系、计算过程与数值核验；识别多种合理解释并说明澄清需求,medium; active_requirements=3; visible_constraints=4,en,,Produce a comparable management summary and flag figures that should not be directly compared.,,,,,,,,,,
review-pilot-q-summary-036,pilot-q-summary-036,"任务
并列冲突、评估证据，并给出不超出材料的综合摘要。

给定材料
[报告A] 项目 R34 完成 77%，延期原因是接口变更。
[报告B] 项目 R34 完成 67%，延期原因是测试环境晚到。
[附件C] R34 的接口变更影响了 7 个模块；测试环境比计划晚 8 天开放。
[备注D] 两份报告采用的完成率计算口径没有记录。
[附录5] 报告B后来说明完成率只统计已排期功能，报告A仍未说明分母。

交付形式
conflict matrix",summary,识别多种合理解释并说明澄清需求；综合相隔较远的材料并保持前后一致；连接多段证据或有依赖的条件；保留原意和事实，不添加材料外信息,medium; active_requirements=4; visible_constraints=5,zh,,并列冲突、评估证据，并给出不超出材料的综合摘要。,,,,,,,,,,
review-pilot-q-summary-037,pilot-q-summary-037,"给定材料
[章节1] 构建 R40 安装前要求 Python 3.11，并创建独立虚拟环境。
[章节2] 配置文件必须先通过 `router validate`，再启动服务。
[章节3] 若迁移失败，保留数据库并用 `router rollback --config <path>` 回滚。
[附录4] v2.0 不支持从 v0.x 直接升级；必须先迁移到 v1.5。
[附录5] Windows 安装不支持默认 shell 脚本，必须改用 `router.ps1 validate`。

任务
为实施人员整理顺序化摘要，保留关键前置条件。

交付形式
ordered checklist",summary,综合相隔较远的材料并保持前后一致；保留原意和事实，不添加材料外信息,medium; active_requirements=2; visible_constraints=3,mixed,,为实施人员整理顺序化摘要，保留关键前置条件。,,,,,,,,,,
review-pilot-q-summary-038,pilot-q-summary-038,"交付形式
bilingual summary

给定材料
[中文1] 数据导入已完成，验证工作计划周四结束。
[English 2] Data import is complete; validation found 6 unresolved duplicate IDs.
[中文3] 当前版本没有记录这 6 个重复 ID，负责人尚未确认处理方式。
[English 4] Deployment remains scheduled for Friday, subject to validation approval.
[附录5] 英文更新说明重复 ID 只影响测试环境，中文版本没有环境范围说明。

任务
统一术语并形成合并摘要，标注仅来自单一版本的信息。",summary,跨语言保持术语和语域一致；识别多种合理解释并说明澄清需求；综合相隔较远的材料并保持前后一致；保留原意和事实，不添加材料外信息,medium; active_requirements=4; visible_constraints=5,zh,,统一术语并形成合并摘要，标注仅来自单一版本的信息。,,,,,,,,,,
review-pilot-q-summary-039,pilot-q-summary-039,"给定材料
[结论1] 试点覆盖 10 个团队，其中 9 个按期完成。
[风险2] 剩余团队缺少接口权限，最早在 6 个工作日后解决。
[决定3] 管理层批准扩大试点，但要求先完成权限整改。
[下一步4] 王宁负责周四前提交整改清单；预算增补尚未批准。
[附录5] 接口权限风险已有负责人，但完成日期仍取决于外部审批。

交付形式
JSON summary

任务
在严格字段和长度限制下生成可核查摘要。",summary,严格满足字段、格式、长度和结构约束；综合相隔较远的材料并保持前后一致；区分材料事实、领域常识和待验证假设,medium; active_requirements=3; visible_constraints=4,zh,,在严格字段和长度限制下生成可核查摘要。,,,,,,,,,,
review-pilot-q-summary-040,pilot-q-summary-040,"Task
Extract decisions, disagreements, owners, and open items without adding unsupported facts.

Provided material
[Note 1] The team approved read-only release R26 Wednesday and delayed writes 6 days.
[Note 2] Operations requires a cache-hit alert before release.
[Note 3] Mobile compatibility is assigned to Li Ming for Tuesday.
[Note 4] Whether a failed compatibility test cancels release is unresolved.
[Appendix 5] Security asks to delay read-only release until both alerting and compatibility pass; product has not accepted the change.

Deliverable
executive summary; sections: decisions / owners / disagreements / open items",summary,保留原意和事实，不添加材料外信息；严格满足字段、格式、长度和结构约束；综合相隔较远的材料并保持前后一致,high; active_requirements=3; visible_constraints=4,en,,"Extract decisions, disagreements, owners, and open items without adding unsupported facts.",,,,,,,,,,
review-pilot-q-summary-041,pilot-q-summary-041,"给定材料
[段落1] 试验组包含 43 个样本，对照组包含 45 个样本。
[段落2] 主要指标提高 3.40%，但 95% 置信区间跨过零。
[段落3] 作者认为结果值得继续验证，没有声称效果已经确定。
[段落4] 局限包括样本量小、单中心和两例失访。
[附录5] 注册方案把主要指标定义为第 30 天结果，正文却报告第 14 天结果；作者尚未解释偏离。

任务
压缩主要发现，同时保留限制并区分观察与解释。

交付形式
bullet summary",summary,区分材料事实、领域常识和待验证假设；综合相隔较远的材料并保持前后一致；保留原意和事实，不添加材料外信息,high; active_requirements=3; visible_constraints=4,zh,,压缩主要发现，同时保留限制并区分观察与解释。,,,,,,,,,,
review-pilot-q-summary-042,pilot-q-summary-042,"交付形式
incident brief

给定材料
[事件1] 09:11 发布配置，两分钟后首次出现写入超时。
[事件2] 09:21 流量切回旧集群，错误率从 17% 降至 6%。
[事件3] 10:05 修复连接池上限后恢复全部流量，错误率回到基线。
[事件4] 已证实连接池耗尽；配置变更是否直接触发耗尽仍待验证。
[附录5] 客户端时钟比服务端快 3 分钟；最终时间线必须统一到服务端时间并标注换算。

任务
总结时间线、影响、已证实原因和待验证事项。",summary,利用失败现象定位最早偏差并设计回归检查；连接多段证据或有依赖的条件；保留原意和事实，不添加材料外信息,high; active_requirements=3; visible_constraints=4,zh,,总结时间线、影响、已证实原因和待验证事项。,,,,,,,,,,
review-pilot-q-summary-043,pilot-q-summary-043,"Provided material
[Table 1] August revenue was 1700k and refunds 50k for August 1–31.
[Table 2] Active users were 17000 for July 25–August 24.
[Note 3] Revenue excludes tax; refunds use approval date rather than payment date.
[Note 4] Management needs comparable findings and explicit non-comparability.
[Appendix 5] A calendar-month active-user table is later issued; compare it with the original rolling 31-day measure.

Deliverable
management note

Task
Produce a comparable management summary and flag figures that should not be directly compared.",summary,明确变量关系、计算过程与数值核验；保留原意和事实，不添加材料外信息；识别多种合理解释并说明澄清需求,high; active_requirements=3; visible_constraints=4,en,,Produce a comparable management summary and flag figures that should not be directly compared.,,,,,,,,,,
review-pilot-q-summary-044,pilot-q-summary-044,"任务
并列冲突、评估证据，并给出不超出材料的综合摘要。

给定材料
[报告A] 项目 R40 完成 73%，延期原因是接口变更。
[报告B] 项目 R40 完成 63%，延期原因是测试环境晚到。
[附件C] R40 的接口变更影响了 3 个模块；测试环境比计划晚 4 天开放。
[备注D] 两份报告采用的完成率计算口径没有记录。
[附录5] 独立审计确认接口变更与环境晚到都发生，但无法量化各自造成的延期天数。

交付形式
synthesis",summary,连接多段证据或有依赖的条件；保留原意和事实，不添加材料外信息；综合相隔较远的材料并保持前后一致,high; active_requirements=3; visible_constraints=4,zh,,并列冲突、评估证据，并给出不超出材料的综合摘要。,,,,,,,,,,
review-pilot-q-summary-045,pilot-q-summary-045,"给定材料
[章节1] 构建 R28 安装前要求 Python 3.11，并创建独立虚拟环境。
[章节2] 配置文件必须先通过 `router validate`，再启动服务。
[章节3] 若迁移失败，保留数据库并用 `router rollback --config <path>` 回滚。
[附录4] v2.0 不支持从 v0.x 直接升级；必须先迁移到 v1.5。
[附录5] 回滚命令只有在迁移前备份校验通过时可用；备份失败时必须停止升级。

任务
为实施人员整理顺序化摘要，保留关键前置条件。

交付形式
ordered checklist",summary,遵守接口或库约束并处理失败路径；综合相隔较远的材料并保持前后一致；保留原意和事实，不添加材料外信息；严格满足字段、格式、长度和结构约束,high; active_requirements=4; visible_constraints=5,zh,,为实施人员整理顺序化摘要，保留关键前置条件。,,,,,,,,,,
review-pilot-q-summary-046,pilot-q-summary-046,"交付形式
bilingual summary

给定材料
[中文1] 数据导入已完成，验证工作计划周四结束。
[English 2] Data import is complete; validation found 6 unresolved duplicate IDs.
[中文3] 当前版本没有记录这 6 个重复 ID，负责人尚未确认处理方式。
[English 4] Deployment remains scheduled for Friday, subject to validation approval.
[附录5] 中文版本的时间戳晚于英文版，但英文页脚自称最终版；版本优先级尚未确定。

任务
统一术语并形成合并摘要，标注仅来自单一版本的信息。",summary,保留原意和事实，不添加材料外信息；综合相隔较远的材料并保持前后一致；跨语言保持术语和语域一致,high; active_requirements=3; visible_constraints=4,mixed,,统一术语并形成合并摘要，标注仅来自单一版本的信息。,,,,,,,,,,
review-pilot-q-summary-047,pilot-q-summary-047,"给定材料
[结论1] 试点覆盖 16 个团队，其中 15 个按期完成。
[风险2] 剩余团队缺少接口权限，最早在 7 个工作日后解决。
[决定3] 管理层批准扩大试点，但要求先完成权限整改。
[下一步4] 王宁负责周四前提交整改清单；预算增补尚未批准。
[附录5] 扩大试点的批准附带预算上限；当前方案超过上限，是否缩减范围尚未决定。

交付形式
four-section brief

任务
在严格字段和长度限制下生成可核查摘要。",summary,保留原意和事实，不添加材料外信息；区分材料事实、领域常识和待验证假设,high; active_requirements=2; visible_constraints=3,zh,,在严格字段和长度限制下生成可核查摘要。,,,,,,,,,,
review-pilot-q-summary-048,pilot-q-summary-048,"Task
Extract decisions, disagreements, owners, and open items without adding unsupported facts.

Provided material
[Note 1] The team approved read-only release R31 Wednesday and delayed writes 3 days.
[Note 2] Operations requires a cache-hit alert before release.
[Note 3] Mobile compatibility is assigned to Li Ming for Tuesday.
[Note 4] Whether a failed compatibility test cancels release is unresolved.

Deliverable
executive summary; sections: decisions / owners / disagreements / open items",summary,严格满足字段、格式、长度和结构约束；识别多种合理解释并说明澄清需求,low; active_requirements=2; visible_constraints=3,en,,"Extract decisions, disagreements, owners, and open items without adding unsupported facts.",,,,,,,,,,
review-pilot-q-summary-049,pilot-q-summary-049,"给定材料
[段落1] 试验组包含 12 个样本，对照组包含 14 个样本。
[段落2] 主要指标提高 4.8%，但 95% 置信区间跨过零。
[段落3] 作者认为结果值得继续验证，没有声称效果已经确定。
[段落4] 局限包括样本量小、单中心和两例失访。

任务
压缩主要发现，同时保留限制并区分观察与解释。

交付形式
structured abstract; sections: finding / uncertainty / limitations / follow-up",summary,综合相隔较远的材料并保持前后一致；保留原意和事实，不添加材料外信息；严格满足字段、格式、长度和结构约束；区分材料事实、领域常识和待验证假设,low; active_requirements=4; visible_constraints=5,zh,,压缩主要发现，同时保留限制并区分观察与解释。,,,,,,,,,,
review-pilot-q-translation-000,pilot-q-translation-000,"任务
完成翻译，保持技术标识不变并统一关键术语。 目标语言为中文。

给定材料
[Source text]
Before upgrading to v2.6, export `router.yaml`. If the health check fails for 33 consecutive seconds, run `router rollback --keep-data`; do not delete the existing index.

交付形式
parallel translation; columns: source / translation / terminology note",translation,跨语言保持术语和语域一致；严格满足字段、格式、长度和结构约束；保留原意和事实，不添加材料外信息,low; active_requirements=3; visible_constraints=4,mixed,en_to_zh,完成翻译，保持技术标识不变并统一关键术语。,,,,,,,,,,
review-pilot-q-translation-001,pilot-q-translation-001,"给定材料
[中文版本]
批次 B23 的供应商应在周五 18:00 前交付测试报告；但是，如果“其验收数据”在周四 3:00 后才提供，期限顺延至下周一。“其”所指主体需由双方确认。
[English version]
For batch B23, the supplier shall deliver the test report by 18:00 Friday. If its acceptance data arrives after 3:00 Thursday, the deadline moves to Monday. The referent of “its” requires confirmation by both parties.

任务
忠实翻译并标出无法在不澄清的情况下唯一确定的指代。 同时交付修订后的中英文。

交付形式
clause-aligned translation",translation,保留原意和事实，不添加材料外信息；跨语言保持术语和语域一致,low; active_requirements=2; visible_constraints=3,mixed,bilingual_revision,忠实翻译并标出无法在不澄清的情况下唯一确定的指代。,,,,,,,,,,
review-pilot-q-translation-002,pilot-q-translation-002,"交付形式
formatted notice

给定材料
[源文]
维护窗口定于 9 月 27 日 22:00–23:30。期间只读查询可用，写入请求将排队；排队超过 4 分钟的写入会失败，且不会自动重放。

任务
翻译为目标语言，保留项目顺序和所有条件。 目标语言为英文。",translation,保留原意和事实，不添加材料外信息；跨语言保持术语和语域一致；严格满足字段、格式、长度和结构约束,low; active_requirements=3; visible_constraints=4,zh,zh_to_en,翻译为目标语言，保留项目顺序和所有条件。,,,,,,,,,,
review-pilot-q-translation-003,pilot-q-translation-003,"给定材料
[Source text]
In the main report, “node” means a substation monitoring point; in the appendix it means a compute node. The 20.7 kV threshold is provisional pending field calibration.

交付形式
terminology table

任务
翻译节选并使术语选择与上下文定义一致。 目标语言为中文。",translation,区分材料事实、领域常识和待验证假设；综合相隔较远的材料并保持前后一致,low; active_requirements=2; visible_constraints=3,mixed,en_to_zh,翻译节选并使术语选择与上下文定义一致。,,,,,,,,,,
review-pilot-q-translation-004,pilot-q-translation-004,"任务
完成本地化，保持占位符和字段键不变。 目标语言为英文。

给定材料
[源文]
`Retry` 按钮重新发送当前请求；`Discard` 放弃未保存更改。错误消息：`Request {request_id} timed out after 35 s.`

交付形式
key-value table",translation,跨语言保持术语和语域一致；遵守接口或库约束并处理失败路径,low; active_requirements=2; visible_constraints=3,zh,zh_to_en,完成本地化，保持占位符和字段键不变。,,,,,,,,,,
review-pilot-q-translation-005,pilot-q-translation-005,"给定材料
[Source text]
At 09:39 gateway G39 began returning 502. At 09:43 the operator rolled back the configuration; the first success arrived at 09:45. Root cause remains unconfirmed; pool exhaustion is only the current hypothesis.

任务
翻译并合并相关段落，不改变事件顺序或确定性程度。 目标语言为中文。

交付形式
aligned timeline",translation,综合相隔较远的材料并保持前后一致；保留原意和事实，不添加材料外信息,low; active_requirements=2; visible_constraints=3,mixed,en_to_zh,翻译并合并相关段落，不改变事件顺序或确定性程度。,,,,,,,,,,
review-pilot-q-translation-006,pilot-q-translation-006,"交付形式
reference table

给定材料
[中文版本]
网关 G29 通知 worker W2 在它重启后刷新令牌。由于“它”可能指网关或 worker，执行顺序目前无法唯一确定。
[English version]
Gateway G29 told worker W2 to refresh the token after it restarted. “It” may refer to either component, so the execution order is not uniquely determined.

任务
给出保留歧义的忠实译文，并列出需要作者确认的指代。 同时交付修订后的中英文。",translation,识别多种合理解释并说明澄清需求；跨语言保持术语和语域一致；保留原意和事实，不添加材料外信息,low; active_requirements=3; visible_constraints=4,mixed,bilingual_revision,给出保留歧义的忠实译文，并列出需要作者确认的指代。,,,,,,,,,,
review-pilot-q-translation-007,pilot-q-translation-007,"给定材料
[源文]
当前术语表规定：rollback＝回滚，service window＝服务窗口。历史译文中有 5 处“客服窗口”均指 service window，需要统一修订。

交付形式
revised translation

任务
按当前术语表修订译文，并记录发生变化的术语。 目标语言为英文。",translation,跨语言保持术语和语域一致；区分材料事实、领域常识和待验证假设,low; active_requirements=2; visible_constraints=3,zh,zh_to_en,按当前术语表修订译文，并记录发生变化的术语。,,,,,,,,,,
review-pilot-q-translation-008,pilot-q-translation-008,"任务
完成翻译，保持技术标识不变并统一关键术语。 目标语言为中文。

给定材料
[Source text]
Before upgrading to v2.3, export `router.yaml`. If the health check fails for 32 consecutive seconds, run `router rollback --keep-data`; do not delete the existing index.
`--keep-data` preserves user data but not temporary cache; the translation must retain that negative scope.

交付形式
translated guide",translation,保留原意和事实，不添加材料外信息；遵守接口或库约束并处理失败路径；跨语言保持术语和语域一致；严格满足字段、格式、长度和结构约束,medium; active_requirements=4; visible_constraints=5,mixed,en_to_zh,完成翻译，保持技术标识不变并统一关键术语。,,,,,,,,,,
review-pilot-q-translation-009,pilot-q-translation-009,"给定材料
[源文]
批次 B10 的供应商应在周五 15:00 前交付测试报告；但是，如果“其验收数据”在周四 6:00 后才提供，期限顺延至下周一。“其”所指主体需由双方确认。
“工作日”不含交付地法定假日，但是否包含周六由附件定义，当前附件缺失。

任务
忠实翻译并标出无法在不澄清的情况下唯一确定的指代。 目标语言为英文。

交付形式
clause-aligned translation",translation,跨语言保持术语和语域一致；保留原意和事实，不添加材料外信息,medium; active_requirements=2; visible_constraints=3,zh,zh_to_en,忠实翻译并标出无法在不澄清的情况下唯一确定的指代。,,,,,,,,,,
review-pilot-q-translation-010,pilot-q-translation-010,"交付形式
formatted notice

给定材料
[Source text]
Maintenance is scheduled for September 24, 22:00–23:30. Read-only queries remain available; writes queued for more than 6 minutes fail and are not replayed automatically.
All times are UTC+8; overseas teams must not interpret 22:00 as local time.

任务
翻译为目标语言，保留项目顺序和所有条件。 目标语言为中文。",translation,严格满足字段、格式、长度和结构约束；跨语言保持术语和语域一致,medium; active_requirements=2; visible_constraints=3,mixed,en_to_zh,翻译为目标语言，保留项目顺序和所有条件。,,,,,,,,,,
review-pilot-q-translation-011,pilot-q-translation-011,"给定材料
[中文版本]
本报告中的“节点”指变电站监测点，附录中的 node 指计算节点。告警阈值暂定为 15.6 kV，该数值仍待现场校准。
[English version]
In the main report, “node” means a substation monitoring point; in the appendix it means a compute node. The 15.6 kV threshold is provisional pending field calibration.
[中文补充]
附表中的 HV node 专指高压监测点，不是 compute node。
[English addendum]
In the table, HV node specifically means a high-voltage monitoring point, not a compute node.

交付形式
annotated translation

任务
翻译节选并使术语选择与上下文定义一致。 同时交付修订后的中英文。",translation,跨语言保持术语和语域一致；综合相隔较远的材料并保持前后一致；保留原意和事实，不添加材料外信息；区分材料事实、领域常识和待验证假设,medium; active_requirements=4; visible_constraints=5,mixed,bilingual_revision,翻译节选并使术语选择与上下文定义一致。,,,,,,,,,,
review-pilot-q-translation-012,pilot-q-translation-012,"任务
完成本地化，保持占位符和字段键不变。 目标语言为英文。

给定材料
[源文]
`Retry` 按钮重新发送当前请求；`Discard` 放弃未保存更改。错误消息：`Request {request_id} timed out after 18 s.`
复数消息 `{{count}} retries remaining` 必须保留 count 占位符。

交付形式
localized resource",translation,遵守接口或库约束并处理失败路径；严格满足字段、格式、长度和结构约束；跨语言保持术语和语域一致；保留原意和事实，不添加材料外信息,medium; active_requirements=4; visible_constraints=5,zh,zh_to_en,完成本地化，保持占位符和字段键不变。,,,,,,,,,,
review-pilot-q-translation-013,pilot-q-translation-013,"给定材料
[Source text]
At 09:15 gateway G15 began returning 502. At 09:19 the operator rolled back the configuration; the first success arrived at 09:21. Root cause remains unconfirmed; pool exhaustion is only the current hypothesis.
Chat timestamps use UTC while the ticket uses UTC+8; normalize time zones before merging.

任务
翻译并合并相关段落，不改变事件顺序或确定性程度。 目标语言为中文。

交付形式
aligned timeline",translation,保留原意和事实，不添加材料外信息；跨语言保持术语和语域一致；连接多段证据或有依赖的条件；综合相隔较远的材料并保持前后一致,medium; active_requirements=4; visible_constraints=5,mixed,en_to_zh,翻译并合并相关段落，不改变事件顺序或确定性程度。,,,,,,,,,,
review-pilot-q-translation-014,pilot-q-translation-014,"交付形式
translation with notes

给定材料
[源文]
网关 G25 通知 worker W7 在它重启后刷新令牌。由于“它”可能指网关或 worker，执行顺序目前无法唯一确定。
后一句“前者批准后再执行”中的“前者”也可能指网关或 worker。

任务
给出保留歧义的忠实译文，并列出需要作者确认的指代。 目标语言为英文。",translation,保留原意和事实，不添加材料外信息；识别多种合理解释并说明澄清需求,medium; active_requirements=2; visible_constraints=3,zh,zh_to_en,给出保留歧义的忠实译文，并列出需要作者确认的指代。,,,,,,,,,,
review-pilot-q-translation-015,pilot-q-translation-015,"给定材料
[Source text]
The current glossary maps 回滚 to rollback and 服务窗口 to service window. 4 older entries use customer-service window for the latter and require revision.
The product name `Service Window Pro` stays untranslated, while ordinary service window follows the glossary.

交付形式
revised translation

任务
按当前术语表修订译文，并记录发生变化的术语。 目标语言为中文。",translation,区分材料事实、领域常识和待验证假设；保留原意和事实，不添加材料外信息,medium; active_requirements=2; visible_constraints=3,mixed,en_to_zh,按当前术语表修订译文，并记录发生变化的术语。,,,,,,,,,,
review-pilot-q-translation-016,pilot-q-translation-016,"任务
完成翻译，保持技术标识不变并统一关键术语。 同时交付修订后的中英文。

给定材料
[中文版本]
在升级到 v2.5 前，请导出 `router.yaml`。如果 health check 连续 10 秒失败，执行 `router rollback --keep-data`；不要删除现有索引。
[English version]
Before upgrading to v2.5, export `router.yaml`. If the health check fails for 10 consecutive seconds, run `router rollback --keep-data`; do not delete the existing index.
[中文补充]
正文把恢复动作称为 restore，但命令字面量仍是 `router rollback`；译文要区分概念名称与命令。
[English addendum]
The prose calls the recovery action restore, while the literal command remains `router rollback`; distinguish the concept from the command.

交付形式
translated guide",translation,遵守接口或库约束并处理失败路径；跨语言保持术语和语域一致；保留原意和事实，不添加材料外信息,high; active_requirements=3; visible_constraints=4,mixed,bilingual_revision,完成翻译，保持技术标识不变并统一关键术语。,,,,,,,,,,
review-pilot-q-translation-017,pilot-q-translation-017,"给定材料
[源文]
批次 B20 的供应商应在周五 17:00 前交付测试报告；但是，如果“其验收数据”在周四 5:00 后才提供，期限顺延至下周一。“其”所指主体需由双方确认。
若发生延期，“该方”承担额外费用；“该方”可能指供应商或数据提供方。

任务
忠实翻译并标出无法在不澄清的情况下唯一确定的指代。 目标语言为英文。

交付形式
clause-aligned translation; columns: clause / source / translation / note",translation,识别多种合理解释并说明澄清需求；跨语言保持术语和语域一致；严格满足字段、格式、长度和结构约束,high; active_requirements=3; visible_constraints=4,zh,zh_to_en,忠实翻译并标出无法在不澄清的情况下唯一确定的指代。,,,,,,,,,,
review-pilot-q-translation-018,pilot-q-translation-018,"交付形式
formatted notice

给定材料
[Source text]
Maintenance is scheduled for September 8, 22:00–23:30. Read-only queries remain available; writes queued for more than 6 minutes fail and are not replayed automatically.
If errors exceed 5% in the 30 minutes before maintenance, the window is canceled through the status page only.

任务
翻译为目标语言，保留项目顺序和所有条件。 目标语言为中文。",translation,跨语言保持术语和语域一致；保留原意和事实，不添加材料外信息；严格满足字段、格式、长度和结构约束,high; active_requirements=3; visible_constraints=4,mixed,en_to_zh,翻译为目标语言，保留项目顺序和所有条件。,,,,,,,,,,
review-pilot-q-translation-019,pilot-q-translation-019,"给定材料
[源文]
本报告中的“节点”指变电站监测点，附录中的 node 指计算节点。告警阈值暂定为 33.2 kV，该数值仍待现场校准。
术语 baseline 在方法部分指基线电压，在结果部分指对照模型；译文必须按章节区分。

交付形式
annotated translation

任务
翻译节选并使术语选择与上下文定义一致。 目标语言为英文。",translation,保留原意和事实，不添加材料外信息；综合相隔较远的材料并保持前后一致；区分材料事实、领域常识和待验证假设；跨语言保持术语和语域一致,high; active_requirements=4; visible_constraints=5,zh,zh_to_en,翻译节选并使术语选择与上下文定义一致。,,,,,,,,,,
review-pilot-q-translation-020,pilot-q-translation-020,"任务
完成本地化，保持占位符和字段键不变。 目标语言为中文。

给定材料
[Source text]
`Retry` resends the current request; `Discard` removes unsaved changes. Error: `Request {request_id} timed out after 29 s.`
Button labels have a 12-character limit, but error details do not; shortening a button must not alter the error meaning.

交付形式
localized resource",translation,严格满足字段、格式、长度和结构约束；保留原意和事实，不添加材料外信息；遵守接口或库约束并处理失败路径,high; active_requirements=3; visible_constraints=4,mixed,en_to_zh,完成本地化，保持占位符和字段键不变。,,,,,,,,,,
review-pilot-q-translation-021,pilot-q-translation-021,"给定材料
[中文版本]
09:21 网关 G21 开始返回 502；09:25 值班员回滚配置；09:27 首次请求成功。根因尚未确认，连接池耗尽只是当前假设。
[English version]
At 09:21 gateway G21 began returning 502. At 09:25 the operator rolled back the configuration; the first success arrived at 09:27. Root cause remains unconfirmed; pool exhaustion is only the current hypothesis.
[中文补充]
修复说明称连接池为 confirmed cause，较早工单仅称 hypothesis；译文必须保留来源与确定性变化。
[English addendum]
The repair note calls the pool a confirmed cause, while the earlier ticket says hypothesis; preserve source and certainty changes.

任务
翻译并合并相关段落，不改变事件顺序或确定性程度。 同时交付修订后的中英文。

交付形式
merged translation",translation,跨语言保持术语和语域一致；综合相隔较远的材料并保持前后一致；保留原意和事实，不添加材料外信息；连接多段证据或有依赖的条件,high; active_requirements=4; visible_constraints=5,mixed,bilingual_revision,翻译并合并相关段落，不改变事件顺序或确定性程度。,,,,,,,,,,
review-pilot-q-translation-022,pilot-q-translation-022,"交付形式
reference table

给定材料
[源文]
网关 G11 通知 worker W2 在它重启后刷新令牌。由于“它”可能指网关或 worker，执行顺序目前无法唯一确定。
管理员告诉网关由 worker 更新它的证书；“它的”又可能指管理员、网关或 worker。

任务
给出保留歧义的忠实译文，并列出需要作者确认的指代。 目标语言为英文。",translation,跨语言保持术语和语域一致；识别多种合理解释并说明澄清需求,high; active_requirements=2; visible_constraints=3,zh,zh_to_en,给出保留歧义的忠实译文，并列出需要作者确认的指代。,,,,,,,,,,
review-pilot-q-translation-023,pilot-q-translation-023,"给定材料
[Source text]
The current glossary maps 回滚 to rollback and 服务窗口 to service window. 7 older entries use customer-service window for the latter and require revision.
The new glossary translates rollback as 回退点 when it is a noun and 回滚 when it is a verb.

交付形式
change log; columns: term / context / translation

任务
按当前术语表修订译文，并记录发生变化的术语。 目标语言为中文。",translation,严格满足字段、格式、长度和结构约束；保留原意和事实，不添加材料外信息；跨语言保持术语和语域一致；区分材料事实、领域常识和待验证假设,high; active_requirements=4; visible_constraints=5,mixed,en_to_zh,按当前术语表修订译文，并记录发生变化的术语。,,,,,,,,,,
review-pilot-q-translation-024,pilot-q-translation-024,"任务
完成翻译，保持技术标识不变并统一关键术语。 目标语言为英文。

给定材料
[源文]
在升级到 v2.6 前，请导出 `router.yaml`。如果 health check 连续 12 秒失败，执行 `router rollback --keep-data`；不要删除现有索引。

交付形式
parallel translation; columns: source / translation / terminology note",translation,严格满足字段、格式、长度和结构约束；遵守接口或库约束并处理失败路径；跨语言保持术语和语域一致；保留原意和事实，不添加材料外信息,low; active_requirements=4; visible_constraints=5,zh,zh_to_en,完成翻译，保持技术标识不变并统一关键术语。,,,,,,,,,,
review-pilot-q-translation-025,pilot-q-translation-025,"给定材料
[Source text]
For batch B19, the supplier shall deliver the test report by 18:00 Friday. If its acceptance data arrives after 2:00 Thursday, the deadline moves to Monday. The referent of “its” requires confirmation by both parties.

任务
忠实翻译并标出无法在不澄清的情况下唯一确定的指代。 目标语言为中文。

交付形式
clause-aligned translation; columns: clause / source / translation / note",translation,严格满足字段、格式、长度和结构约束；识别多种合理解释并说明澄清需求；跨语言保持术语和语域一致,low; active_requirements=3; visible_constraints=4,mixed,en_to_zh,忠实翻译并标出无法在不澄清的情况下唯一确定的指代。,,,,,,,,,,
review-pilot-q-translation-026,pilot-q-translation-026,"交付形式
bilingual notice

给定材料
[中文版本]
维护窗口定于 9 月 16 日 22:00–23:30。期间只读查询可用，写入请求将排队；排队超过 2 分钟的写入会失败，且不会自动重放。
[English version]
Maintenance is scheduled for September 16, 22:00–23:30. Read-only queries remain available; writes queued for more than 2 minutes fail and are not replayed automatically.

任务
翻译为目标语言，保留项目顺序和所有条件。 同时交付修订后的中英文。",translation,保留原意和事实，不添加材料外信息；跨语言保持术语和语域一致,low; active_requirements=2; visible_constraints=3,mixed,bilingual_revision,翻译为目标语言，保留项目顺序和所有条件。,,,,,,,,,,
review-pilot-q-translation-027,pilot-q-translation-027,"给定材料
[源文]
本报告中的“节点”指变电站监测点，附录中的 node 指计算节点。告警阈值暂定为 22.7 kV，该数值仍待现场校准。

交付形式
annotated translation

任务
翻译节选并使术语选择与上下文定义一致。 目标语言为英文。",translation,综合相隔较远的材料并保持前后一致；区分材料事实、领域常识和待验证假设,low; active_requirements=2; visible_constraints=3,zh,zh_to_en,翻译节选并使术语选择与上下文定义一致。,,,,,,,,,,
review-pilot-q-translation-028,pilot-q-translation-028,"任务
完成本地化，保持占位符和字段键不变。 目标语言为中文。

给定材料
[Source text]
`Retry` resends the current request; `Discard` removes unsaved changes. Error: `Request {request_id} timed out after 19 s.`

交付形式
localized resource",translation,保留原意和事实，不添加材料外信息；严格满足字段、格式、长度和结构约束,low; active_requirements=2; visible_constraints=3,mixed,en_to_zh,完成本地化，保持占位符和字段键不变。,,,,,,,,,,
review-pilot-q-translation-029,pilot-q-translation-029,"给定材料
[源文]
09:19 网关 G19 开始返回 502；09:23 值班员回滚配置；09:25 首次请求成功。根因尚未确认，连接池耗尽只是当前假设。

任务
翻译并合并相关段落，不改变事件顺序或确定性程度。 目标语言为英文。

交付形式
aligned timeline",translation,连接多段证据或有依赖的条件；综合相隔较远的材料并保持前后一致,low; active_requirements=2; visible_constraints=3,zh,zh_to_en,翻译并合并相关段落，不改变事件顺序或确定性程度。,,,,,,,,,,
review-pilot-q-translation-030,pilot-q-translation-030,"交付形式
translation with notes

给定材料
[Source text]
Gateway G14 told worker W3 to refresh the token after it restarted. “It” may refer to either component, so the execution order is not uniquely determined.

任务
给出保留歧义的忠实译文，并列出需要作者确认的指代。 目标语言为中文。",translation,识别多种合理解释并说明澄清需求；保留原意和事实，不添加材料外信息；跨语言保持术语和语域一致,low; active_requirements=3; visible_constraints=4,mixed,en_to_zh,给出保留歧义的忠实译文，并列出需要作者确认的指代。,,,,,,,,,,
review-pilot-q-translation-031,pilot-q-translation-031,"给定材料
[中文版本]
当前术语表规定：rollback＝回滚，service window＝服务窗口。历史译文中有 2 处“客服窗口”均指 service window，需要统一修订。
[English version]
The current glossary maps 回滚 to rollback and 服务窗口 to service window. 2 older entries use customer-service window for the latter and require revision.

交付形式
change log; columns: term / context / translation

任务
按当前术语表修订译文，并记录发生变化的术语。 同时交付修订后的中英文。",translation,保留原意和事实，不添加材料外信息；跨语言保持术语和语域一致；区分材料事实、领域常识和待验证假设；严格满足字段、格式、长度和结构约束,low; active_requirements=4; visible_constraints=5,mixed,bilingual_revision,按当前术语表修订译文，并记录发生变化的术语。,,,,,,,,,,
review-pilot-q-translation-032,pilot-q-translation-032,"任务
完成翻译，保持技术标识不变并统一关键术语。 目标语言为英文。

给定材料
[源文]
在升级到 v2.4 前，请导出 `router.yaml`。如果 health check 连续 21 秒失败，执行 `router rollback --keep-data`；不要删除现有索引。
`--keep-data` 仅保留用户数据，不保留临时 cache；译文必须保留这一否定范围。

交付形式
parallel translation",translation,跨语言保持术语和语域一致；遵守接口或库约束并处理失败路径,medium; active_requirements=2; visible_constraints=3,zh,zh_to_en,完成翻译，保持技术标识不变并统一关键术语。,,,,,,,,,,
review-pilot-q-translation-033,pilot-q-translation-033,"给定材料
[Source text]
For batch B30, the supplier shall deliver the test report by 15:00 Friday. If its acceptance data arrives after 5:00 Thursday, the deadline moves to Monday. The referent of “its” requires confirmation by both parties.
Business day excludes public holidays at the delivery location; whether Saturday counts is defined in a missing annex.

任务
忠实翻译并标出无法在不澄清的情况下唯一确定的指代。 目标语言为中文。

交付形式
clause-aligned translation; columns: clause / source / translation / note",translation,保留原意和事实，不添加材料外信息；严格满足字段、格式、长度和结构约束,medium; active_requirements=2; visible_constraints=3,mixed,en_to_zh,忠实翻译并标出无法在不澄清的情况下唯一确定的指代。,,,,,,,,,,
review-pilot-q-translation-034,pilot-q-translation-034,"交付形式
formatted notice

给定材料
[源文]
维护窗口定于 9 月 28 日 22:00–23:30。期间只读查询可用，写入请求将排队；排队超过 5 分钟的写入会失败，且不会自动重放。
所有时间均为 UTC+8；海外团队不得把 22:00 误作本地时间。

任务
翻译为目标语言，保留项目顺序和所有条件。 目标语言为英文。",translation,严格满足字段、格式、长度和结构约束；跨语言保持术语和语域一致；保留原意和事实，不添加材料外信息,medium; active_requirements=3; visible_constraints=4,zh,zh_to_en,翻译为目标语言，保留项目顺序和所有条件。,,,,,,,,,,
review-pilot-q-translation-035,pilot-q-translation-035,"给定材料
[Source text]
In the main report, “node” means a substation monitoring point; in the appendix it means a compute node. The 13.7 kV threshold is provisional pending field calibration.
In the table, HV node specifically means a high-voltage monitoring point, not a compute node.

交付形式
annotated translation

任务
翻译节选并使术语选择与上下文定义一致。 目标语言为中文。",translation,区分材料事实、领域常识和待验证假设；保留原意和事实，不添加材料外信息,medium; active_requirements=2; visible_constraints=3,mixed,en_to_zh,翻译节选并使术语选择与上下文定义一致。,,,,,,,,,,
review-pilot-q-translation-036,pilot-q-translation-036,"任务
完成本地化，保持占位符和字段键不变。 同时交付修订后的中英文。

给定材料
[中文版本]
`Retry` 按钮重新发送当前请求；`Discard` 放弃未保存更改。错误消息：`Request {request_id} timed out after 8 s.`
[English version]
`Retry` resends the current request; `Discard` removes unsaved changes. Error: `Request {request_id} timed out after 8 s.`
[中文补充]
复数消息 `{{count}} retries remaining` 必须保留 count 占位符。
[English addendum]
The plural message `{{count}} retries remaining` must preserve the count placeholder.

交付形式
key-value table",translation,跨语言保持术语和语域一致；严格满足字段、格式、长度和结构约束,medium; active_requirements=2; visible_constraints=3,mixed,bilingual_revision,完成本地化，保持占位符和字段键不变。,,,,,,,,,,
review-pilot-q-translation-037,pilot-q-translation-037,"给定材料
[源文]
09:29 网关 G29 开始返回 502；09:33 值班员回滚配置；09:35 首次请求成功。根因尚未确认，连接池耗尽只是当前假设。
聊天时间使用 UTC，工单使用 UTC+8；合并前先统一时区。

任务
翻译并合并相关段落，不改变事件顺序或确定性程度。 目标语言为英文。

交付形式
aligned timeline",translation,综合相隔较远的材料并保持前后一致；跨语言保持术语和语域一致；保留原意和事实，不添加材料外信息；连接多段证据或有依赖的条件,medium; active_requirements=4; visible_constraints=5,zh,zh_to_en,翻译并合并相关段落，不改变事件顺序或确定性程度。,,,,,,,,,,
review-pilot-q-translation-038,pilot-q-translation-038,"交付形式
translation with notes

给定材料
[Source text]
Gateway G13 told worker W4 to refresh the token after it restarted. “It” may refer to either component, so the execution order is not uniquely determined.
In the next sentence, the former must approve before execution, but former may still mean the gateway or worker.

任务
给出保留歧义的忠实译文，并列出需要作者确认的指代。 目标语言为中文。",translation,保留原意和事实，不添加材料外信息；跨语言保持术语和语域一致,medium; active_requirements=2; visible_constraints=3,mixed,en_to_zh,给出保留歧义的忠实译文，并列出需要作者确认的指代。,,,,,,,,,,
review-pilot-q-translation-039,pilot-q-translation-039,"给定材料
[源文]
当前术语表规定：rollback＝回滚，service window＝服务窗口。历史译文中有 2 处“客服窗口”均指 service window，需要统一修订。
产品名 `Service Window Pro` 不翻译，普通 service window 仍按术语表处理。

交付形式
revised translation; columns: term / context / translation

任务
按当前术语表修订译文，并记录发生变化的术语。 目标语言为英文。",translation,跨语言保持术语和语域一致；严格满足字段、格式、长度和结构约束；区分材料事实、领域常识和待验证假设,medium; active_requirements=3; visible_constraints=4,zh,zh_to_en,按当前术语表修订译文，并记录发生变化的术语。,,,,,,,,,,
review-pilot-q-translation-040,pilot-q-translation-040,"任务
完成翻译，保持技术标识不变并统一关键术语。 目标语言为中文。

给定材料
[Source text]
Before upgrading to v2.4, export `router.yaml`. If the health check fails for 33 consecutive seconds, run `router rollback --keep-data`; do not delete the existing index.
The prose calls the recovery action restore, while the literal command remains `router rollback`; distinguish the concept from the command.

交付形式
translated guide",translation,保留原意和事实，不添加材料外信息；严格满足字段、格式、长度和结构约束；跨语言保持术语和语域一致；遵守接口或库约束并处理失败路径,high; active_requirements=4; visible_constraints=5,mixed,en_to_zh,完成翻译，保持技术标识不变并统一关键术语。,,,,,,,,,,
review-pilot-q-translation-041,pilot-q-translation-041,"给定材料
[中文版本]
批次 B17 的供应商应在周五 16:00 前交付测试报告；但是，如果“其验收数据”在周四 7:00 后才提供，期限顺延至下周一。“其”所指主体需由双方确认。
[English version]
For batch B17, the supplier shall deliver the test report by 16:00 Friday. If its acceptance data arrives after 7:00 Thursday, the deadline moves to Monday. The referent of “its” requires confirmation by both parties.
[中文补充]
若发生延期，“该方”承担额外费用；“该方”可能指供应商或数据提供方。
[English addendum]
If delay occurs, that party bears the extra cost; that party may mean the supplier or the data provider.

任务
忠实翻译并标出无法在不澄清的情况下唯一确定的指代。 同时交付修订后的中英文。

交付形式
bilingual clauses",translation,跨语言保持术语和语域一致；识别多种合理解释并说明澄清需求,high; active_requirements=2; visible_constraints=3,mixed,bilingual_revision,忠实翻译并标出无法在不澄清的情况下唯一确定的指代。,,,,,,,,,,
review-pilot-q-translation-042,pilot-q-translation-042,"交付形式
formatted notice

给定材料
[源文]
维护窗口定于 9 月 22 日 22:00–23:30。期间只读查询可用，写入请求将排队；排队超过 7 分钟的写入会失败，且不会自动重放。
若维护前 30 分钟错误率超过 5%，窗口取消；取消通知只通过 status page 发布。

任务
翻译为目标语言，保留项目顺序和所有条件。 目标语言为英文。",translation,跨语言保持术语和语域一致；严格满足字段、格式、长度和结构约束,high; active_requirements=2; visible_constraints=3,zh,zh_to_en,翻译为目标语言，保留项目顺序和所有条件。,,,,,,,,,,
review-pilot-q-translation-043,pilot-q-translation-043,"给定材料
[Source text]
In the main report, “node” means a substation monitoring point; in the appendix it means a compute node. The 28.5 kV threshold is provisional pending field calibration.
Baseline means reference voltage in Methods and control model in Results; translate it by section.

交付形式
terminology table

任务
翻译节选并使术语选择与上下文定义一致。 目标语言为中文。",translation,跨语言保持术语和语域一致；综合相隔较远的材料并保持前后一致；区分材料事实、领域常识和待验证假设,high; active_requirements=3; visible_constraints=4,mixed,en_to_zh,翻译节选并使术语选择与上下文定义一致。,,,,,,,,,,
review-pilot-q-translation-044,pilot-q-translation-044,"任务
完成本地化，保持占位符和字段键不变。 目标语言为英文。

给定材料
[源文]
`Retry` 按钮重新发送当前请求；`Discard` 放弃未保存更改。错误消息：`Request {request_id} timed out after 13 s.`
按钮标签上限为 12 个字符，错误详情不受该限制；不要为缩短按钮而改写错误含义。

交付形式
key-value table",translation,遵守接口或库约束并处理失败路径；保留原意和事实，不添加材料外信息；跨语言保持术语和语域一致；严格满足字段、格式、长度和结构约束,high; active_requirements=4; visible_constraints=5,zh,zh_to_en,完成本地化，保持占位符和字段键不变。,,,,,,,,,,
review-pilot-q-translation-045,pilot-q-translation-045,"给定材料
[Source text]
At 09:39 gateway G39 began returning 502. At 09:43 the operator rolled back the configuration; the first success arrived at 09:45. Root cause remains unconfirmed; pool exhaustion is only the current hypothesis.
The repair note calls the pool a confirmed cause, while the earlier ticket says hypothesis; preserve source and certainty changes.

任务
翻译并合并相关段落，不改变事件顺序或确定性程度。 目标语言为中文。

交付形式
aligned timeline",translation,保留原意和事实，不添加材料外信息；跨语言保持术语和语域一致；连接多段证据或有依赖的条件；综合相隔较远的材料并保持前后一致,high; active_requirements=4; visible_constraints=5,mixed,en_to_zh,翻译并合并相关段落，不改变事件顺序或确定性程度。,,,,,,,,,,
review-pilot-q-translation-046,pilot-q-translation-046,"交付形式
translation with notes

给定材料
[中文版本]
网关 G15 通知 worker W4 在它重启后刷新令牌。由于“它”可能指网关或 worker，执行顺序目前无法唯一确定。
[English version]
Gateway G15 told worker W4 to refresh the token after it restarted. “It” may refer to either component, so the execution order is not uniquely determined.
[中文补充]
管理员告诉网关由 worker 更新它的证书；“它的”又可能指管理员、网关或 worker。
[English addendum]
An administrator tells the gateway that the worker will update its certificate; its may refer to any of the three.

任务
给出保留歧义的忠实译文，并列出需要作者确认的指代。 同时交付修订后的中英文。",translation,跨语言保持术语和语域一致；识别多种合理解释并说明澄清需求,high; active_requirements=2; visible_constraints=3,mixed,bilingual_revision,给出保留歧义的忠实译文，并列出需要作者确认的指代。,,,,,,,,,,
review-pilot-q-translation-047,pilot-q-translation-047,"给定材料
[源文]
当前术语表规定：rollback＝回滚，service window＝服务窗口。历史译文中有 7 处“客服窗口”均指 service window，需要统一修订。
新版术语表要求 rollback 作名词时译为“回退点”，作动词时仍译为“回滚”。

交付形式
revised translation; columns: term / context / translation

任务
按当前术语表修订译文，并记录发生变化的术语。 目标语言为英文。",translation,区分材料事实、领域常识和待验证假设；严格满足字段、格式、长度和结构约束,high; active_requirements=2; visible_constraints=3,zh,zh_to_en,按当前术语表修订译文，并记录发生变化的术语。,,,,,,,,,,
review-pilot-q-translation-048,pilot-q-translation-048,"任务
完成翻译，保持技术标识不变并统一关键术语。 目标语言为中文。

给定材料
[Source text]
Before upgrading to v2.5, export `router.yaml`. If the health check fails for 8 consecutive seconds, run `router rollback --keep-data`; do not delete the existing index.

交付形式
translated guide",translation,遵守接口或库约束并处理失败路径；保留原意和事实，不添加材料外信息,low; active_requirements=2; visible_constraints=3,mixed,en_to_zh,完成翻译，保持技术标识不变并统一关键术语。,,,,,,,,,,
review-pilot-q-translation-049,pilot-q-translation-049,"给定材料
[源文]
批次 B29 的供应商应在周五 16:00 前交付测试报告；但是，如果“其验收数据”在周四 4:00 后才提供，期限顺延至下周一。“其”所指主体需由双方确认。

任务
忠实翻译并标出无法在不澄清的情况下唯一确定的指代。 目标语言为英文。

交付形式
clause-aligned translation",translation,识别多种合理解释并说明澄清需求；跨语言保持术语和语域一致,low; active_requirements=2; visible_constraints=3,zh,zh_to_en,忠实翻译并标出无法在不澄清的情况下唯一确定的指代。,,,,,,,,,,
